cycle,pc_if,pc_id,instr,is_decoding,id_ready,ex_ready,load_stall,jr_stall,misaligned_stall,branch_dec,pc_set,data_req,data_gnt,data_rvalid,if_busy,perf_imiss,instr_valid_id
0,0x00000000,0x00000000,0x00000000,0,1,1,0,0,0,0,0,0,0,0,0,1,0
1,0x00000000,0x00000000,0x00000000,0,1,1,0,0,0,0,0,0,0,0,0,1,0
2,0x00000000,0x00000000,0x00000000,0,1,1,0,0,0,0,1,0,0,0,1,0,0
3,0x00000080,0x00000000,0x00000000,0,1,1,0,0,0,0,0,0,0,0,1,1,0
4,0x00000080,0x00000000,0x00000000,0,1,1,0,0,0,0,0,0,0,0,1,0,0
5,0x00000084,0x00000080,0x00c0006f,1,1,1,0,0,0,0,1,0,0,0,1,0,1
6,0x0000008c,0x00000080,0x00c0006f,0,1,1,0,0,0,0,0,0,0,0,1,1,0
7,0x0000008c,0x00000080,0x00c0006f,0,1,1,0,0,0,0,0,0,0,0,1,1,0
8,0x0000008c,0x00000080,0x00c0006f,0,1,1,0,0,0,0,0,0,0,0,1,0,0
9,0x0000008e,0x0000008c,0x00000093,1,1,1,0,0,0,0,0,0,0,0,1,1,1
10,0x0000008e,0x0000008c,0x00000093,0,1,1,0,0,0,1,0,0,0,0,1,0,0
11,0x00000090,0x0000008e,0x00100133,1,1,1,0,0,0,1,0,0,0,0,1,0,1
12,0x00000092,0x00000090,0x001001b3,1,1,1,0,0,0,1,0,0,0,0,1,0,1
13,0x00000094,0x00000092,0x00100233,1,1,1,0,0,0,1,0,0,0,0,1,0,1
14,0x00000096,0x00000094,0x001002b3,1,1,1,0,0,0,1,0,0,0,0,1,0,1
15,0x00000098,0x00000096,0x00100333,1,1,1,0,0,0,1,0,0,0,0,1,0,1
16,0x0000009a,0x00000098,0x001003b3,1,1,1,0,0,0,1,0,0,0,0,1,0,1
17,0x0000009c,0x0000009a,0x00100433,1,1,1,0,0,0,1,0,0,0,0,1,0,1
18,0x0000009e,0x0000009c,0x001004b3,1,1,1,0,0,0,1,0,0,0,0,1,0,1
19,0x000000a0,0x0000009e,0x00100533,1,1,1,0,0,0,1,0,0,0,0,1,0,1
20,0x000000a2,0x000000a0,0x001005b3,1,1,1,0,0,0,1,0,0,0,0,1,0,1
21,0x000000a4,0x000000a2,0x00100633,1,1,1,0,0,0,1,0,0,0,0,1,0,1
22,0x000000a6,0x000000a4,0x001006b3,1,1,1,0,0,0,1,0,0,0,0,1,0,1
23,0x000000a8,0x000000a6,0x00100733,1,1,1,0,0,0,1,0,0,0,0,1,0,1
24,0x000000aa,0x000000a8,0x001007b3,1,1,1,0,0,0,1,0,0,0,0,1,0,1
25,0x000000ac,0x000000aa,0x00100833,1,1,1,0,0,0,1,0,0,0,0,1,0,1
26,0x000000ae,0x000000ac,0x001008b3,1,1,1,0,0,0,1,0,0,0,0,1,0,1
27,0x000000b0,0x000000ae,0x00100933,1,1,1,0,0,0,1,0,0,0,0,1,0,1
28,0x000000b2,0x000000b0,0x001009b3,1,1,1,0,0,0,1,0,0,0,0,1,0,1
29,0x000000b4,0x000000b2,0x00100a33,1,1,1,0,0,0,1,0,0,0,0,1,0,1
30,0x000000b6,0x000000b4,0x00100ab3,1,1,1,0,0,0,1,0,0,0,0,1,0,1
31,0x000000b8,0x000000b6,0x00100b33,1,1,1,0,0,0,1,0,0,0,0,1,0,1
32,0x000000ba,0x000000b8,0x00100bb3,1,1,1,0,0,0,1,0,0,0,0,1,0,1
33,0x000000bc,0x000000ba,0x00100c33,1,1,1,0,0,0,1,0,0,0,0,1,0,1
34,0x000000be,0x000000bc,0x00100cb3,1,1,1,0,0,0,1,0,0,0,0,1,0,1
35,0x000000c0,0x000000be,0x00100d33,1,1,1,0,0,0,1,0,0,0,0,1,0,1
36,0x000000c2,0x000000c0,0x00100db3,1,1,1,0,0,0,1,0,0,0,0,1,0,1
37,0x000000c4,0x000000c2,0x00100e33,1,1,1,0,0,0,1,0,0,0,0,1,0,1
38,0x000000c6,0x000000c4,0x00100eb3,1,1,1,0,0,0,1,0,0,0,0,1,0,1
39,0x000000c8,0x000000c6,0x00100f33,1,1,1,0,0,0,1,0,0,0,0,1,0,1
40,0x000000ca,0x000000c8,0x00100fb3,1,1,1,0,0,0,1,0,0,0,0,1,0,1
41,0x000000ce,0x000000ca,0x00100117,1,1,1,0,0,0,1,0,0,0,0,1,1,1
42,0x000000ce,0x000000ca,0x00100117,0,1,1,0,0,0,0,0,0,0,0,1,0,0
43,0x000000d2,0x000000ce,0xf3610113,1,1,1,0,0,0,0,0,0,0,0,1,1,1
44,0x000000d2,0x000000ce,0xf3610113,0,1,1,0,0,0,0,0,0,0,0,1,0,0
45,0x000000d6,0x000000d2,0x01bd5763,1,1,1,0,0,0,0,0,0,0,0,1,1,1
46,0x000000d6,0x000000d2,0x01bd5763,0,1,1,0,0,0,1,1,0,0,0,1,0,0
47,0x000000e0,0x000000d2,0x01bd5763,0,1,1,0,0,0,1,0,0,0,0,1,1,0
48,0x000000e0,0x000000d2,0x01bd5763,0,1,1,0,0,0,1,0,0,0,0,1,1,0
49,0x000000e0,0x000000d2,0x01bd5763,0,1,1,0,0,0,1,0,0,0,0,1,1,0
50,0x000000e0,0x000000d2,0x01bd5763,0,1,1,0,0,0,1,0,0,0,0,1,0,0
51,0x000000e2,0x000000e0,0x00000513,1,1,1,0,0,0,1,0,0,0,0,1,1,1
52,0x000000e2,0x000000e0,0x00000513,0,1,1,0,0,0,1,0,0,0,0,1,0,0
53,0x000000e4,0x000000e2,0x00000593,1,1,1,0,0,0,1,0,0,0,0,1,0,1
54,0x000000e8,0x000000e4,0x25d000ef,1,1,1,0,0,0,1,1,0,0,0,1,0,1
55,0x00000b40,0x000000e4,0x25d000ef,0,1,1,0,0,0,0,0,0,0,0,1,1,0
56,0x00000b40,0x000000e4,0x25d000ef,0,1,1,0,0,0,0,0,0,0,0,1,0,0
57,0x00000b42,0x00000b40,0xfe010113,1,1,1,0,0,0,0,0,0,0,0,1,1,1
58,0x00000b42,0x00000b40,0xfe010113,0,1,1,0,0,0,0,0,0,0,0,1,0,0
59,0x00000b44,0x00000b42,0x00112e23,1,1,1,0,0,0,0,0,0,0,0,1,0,1
60,0x00000b46,0x00000b44,0x00812c23,1,1,1,0,0,0,0,0,1,1,0,1,0,1
61,0x00000b48,0x00000b46,0x00912a23,1,1,1,0,0,0,0,0,1,1,1,1,0,1
62,0x00000b4c,0x00000b48,0x00102437,1,1,1,0,0,0,0,0,1,1,1,1,0,1
63,0x00000b50,0x00000b4c,0x00100537,1,1,1,0,0,0,0,0,0,0,1,1,1,1
64,0x00000b50,0x00000b4c,0x00100537,0,1,1,0,0,0,0,0,0,0,0,1,0,0
65,0x00000b54,0x00000b50,0x12050513,1,1,1,0,0,0,0,0,0,0,0,1,1,1
66,0x00000b54,0x00000b50,0x12050513,0,1,1,0,0,0,0,0,0,0,0,1,0,0
67,0x00000b58,0x00000b54,0x001005b7,1,1,1,0,0,0,0,0,0,0,0,1,1,1
68,0x00000b58,0x00000b54,0x001005b7,0,1,1,0,0,0,0,0,0,0,0,1,0,0
69,0x00000b5c,0x00000b58,0x10058593,1,1,1,0,0,0,0,0,0,0,0,1,1,1
70,0x00000b5c,0x00000b58,0x10058593,0,1,1,0,0,0,0,0,0,0,0,1,0,0
71,0x00000b5e,0x00000b5c,0x00410613,1,1,1,0,0,0,0,0,0,0,0,1,1,1
72,0x00000b5e,0x00000b5c,0x00410613,0,1,1,0,0,0,0,0,0,0,0,1,0,0
73,0x00000b60,0x00000b5e,0x00410493,1,1,1,0,0,0,0,0,0,0,0,1,0,1
74,0x00000b62,0x00000b60,0xaf5ff0ef,1,1,1,0,0,0,0,1,0,0,0,1,0,1
75,0x00000654,0x00000b60,0xaf5ff0ef,0,1,1,0,0,0,0,0,0,0,0,1,1,0
76,0x00000654,0x00000b60,0xaf5ff0ef,0,1,1,0,0,0,0,0,0,0,0,1,0,0
77,0x00000656,0x00000654,0xfe010113,1,1,1,0,0,0,0,0,0,0,0,1,1,1
78,0x00000656,0x00000654,0xfe010113,0,1,1,0,0,0,0,0,0,0,0,1,0,0
79,0x00000658,0x00000656,0x00812e23,1,1,1,0,0,0,0,0,0,0,0,1,0,1
80,0x0000065a,0x00000658,0x00912c23,1,1,1,0,0,0,0,0,1,1,0,1,0,1
81,0x0000065c,0x0000065a,0x01212a23,1,1,1,0,0,0,0,0,1,1,1,1,0,1
82,0x0000065e,0x0000065c,0x01312823,1,1,1,0,0,0,0,0,1,1,1,1,0,1
83,0x00000660,0x0000065e,0x01412623,1,1,1,0,0,0,0,0,1,1,1,1,0,1
84,0x00000662,0x00000660,0x01512423,1,1,1,0,0,0,0,0,1,1,1,1,0,1
85,0x00000664,0x00000662,0x01612223,1,1,1,0,0,0,0,0,1,1,1,1,0,1
86,0x00000666,0x00000664,0x01712023,1,1,1,0,0,0,0,0,1,1,1,1,0,1
87,0x0000066a,0x00000666,0x00054803,1,1,1,0,0,0,0,0,1,1,1,1,1,1
88,0x0000066a,0x00000666,0x00054803,0,1,1,0,0,0,0,0,1,1,1,1,0,0
89,0x0000066e,0x0000066a,0x00154883,1,0,0,0,0,0,0,0,0,0,0,1,1,1
90,0x0000066e,0x0000066a,0x00154883,1,1,1,0,0,0,0,0,0,0,1,1,0,1
91,0x00000672,0x0000066e,0x00254283,1,1,1,0,0,0,0,0,1,1,0,1,1,1
92,0x00000672,0x0000066e,0x00254283,0,0,0,0,0,0,0,0,1,0,0,1,0,0
93,0x00000672,0x0000066e,0x00254283,0,1,1,0,0,0,0,0,1,1,1,1,0,0
94,0x00000676,0x00000672,0x00354303,1,0,0,0,0,0,0,0,0,0,0,1,0,1
95,0x00000676,0x00000672,0x00354303,1,1,1,0,0,0,0,0,0,0,1,1,0,1
96,0x0000067a,0x00000676,0x00454383,1,1,1,0,0,0,0,0,1,1,0,1,0,1
97,0x0000067e,0x0000067a,0x00554e03,1,0,0,0,0,0,0,0,1,0,0,1,1,1
98,0x0000067e,0x0000067a,0x00554e03,1,1,1,0,0,0,0,0,1,1,1,1,0,1
99,0x00000682,0x0000067e,0x00654e83,1,0,0,0,0,0,0,0,1,0,0,1,1,1
100,0x00000682,0x0000067e,0x00654e83,1,1,1,0,0,0,0,0,1,1,1,1,0,1
101,0x00000686,0x00000682,0x00754f03,1,0,0,0,0,0,0,0,1,0,0,1,1,1
102,0x00000686,0x00000682,0x00754f03,1,1,1,0,0,0,0,0,1,1,1,1,0,1
103,0x0000068a,0x00000686,0x00854f83,1,0,0,0,0,0,0,0,1,0,0,1,1,1
104,0x0000068a,0x00000686,0x00854f83,1,1,1,0,0,0,0,0,1,1,1,1,0,1
105,0x0000068e,0x0000068a,0x00954903,1,0,0,0,0,0,0,0,1,0,0,1,1,1
106,0x0000068e,0x0000068a,0x00954903,1,1,1,0,0,0,0,0,1,1,1,1,0,1
107,0x00000692,0x0000068e,0x00a54983,1,0,0,0,0,0,0,0,1,0,0,1,1,1
108,0x00000692,0x0000068e,0x00a54983,1,1,1,0,0,0,0,0,1,1,1,1,0,1
109,0x00000696,0x00000692,0x00b54a03,1,0,0,0,0,0,0,0,1,0,0,1,1,1
110,0x00000696,0x00000692,0x00b54a03,1,1,1,0,0,0,0,0,1,1,1,1,0,1
111,0x00000698,0x00000696,0x0005a403,1,0,0,0,0,0,0,0,1,0,0,1,0,1
112,0x00000698,0x00000696,0x0005a403,1,1,1,0,0,0,0,0,1,1,1,1,0,1
113,0x0000069c,0x00000698,0x00c54b03,1,0,0,0,0,0,0,0,1,0,0,1,0,1
114,0x0000069c,0x00000698,0x00c54b03,1,1,1,0,0,0,0,0,1,1,1,1,0,1
115,0x000006a0,0x0000069c,0x00d54683,1,0,0,0,0,0,0,0,1,0,0,1,0,1
116,0x000006a0,0x0000069c,0x00d54683,1,1,1,0,0,0,0,0,1,1,1,1,0,1
117,0x000006a4,0x000006a0,0x00e54b83,1,0,0,0,0,0,0,0,1,0,0,1,0,1
118,0x000006a4,0x000006a0,0x00e54b83,1,1,1,0,0,0,0,0,1,1,1,1,0,1
119,0x000006a8,0x000006a4,0x00f54a83,1,0,0,0,0,0,0,0,1,0,0,1,0,1
120,0x000006a8,0x000006a4,0x00f54a83,1,1,1,0,0,0,0,0,1,1,1,1,0,1
121,0x000006ac,0x000006a8,0x24040033,1,0,0,0,0,0,0,0,1,0,0,1,0,1
122,0x000006ac,0x000006a8,0x24040033,1,1,1,0,0,0,0,0,1,1,1,1,0,1
123,0x000006ae,0x000006ac,0x00889893,1,0,0,0,0,0,0,0,0,0,0,1,0,1
124,0x000006ae,0x000006ac,0x00889893,1,1,1,0,0,0,0,0,0,0,1,1,0,1
125,0x000006b2,0x000006ae,0x0108e833,1,1,1,0,0,0,0,0,0,0,0,1,0,1
126,0x000006b4,0x000006b2,0x01029293,1,1,1,0,0,0,0,0,0,0,0,1,0,1
127,0x000006b6,0x000006b4,0x01831313,1,1,1,0,0,0,0,0,0,0,0,1,0,1
128,0x000006ba,0x000006b6,0x005362b3,1,1,1,0,0,0,0,0,0,0,0,1,1,1
129,0x000006ba,0x000006b6,0x005362b3,0,1,1,0,0,0,0,0,0,0,0,1,0,0
130,0x000006bc,0x000006ba,0x008e1e13,1,1,1,0,0,0,0,0,0,0,0,1,0,1
131,0x000006c0,0x000006bc,0x007e68b3,1,1,1,0,0,0,0,0,0,0,0,1,0,1
132,0x000006c2,0x000006c0,0x010e9e93,1,1,1,0,0,0,0,0,0,0,0,1,1,1
133,0x000006c2,0x000006c0,0x010e9e93,0,1,1,0,0,0,0,0,0,0,0,1,0,0
134,0x000006c4,0x000006c2,0x018f1f13,1,1,1,0,0,0,0,0,0,0,0,1,0,1
135,0x000006c8,0x000006c4,0x01df6333,1,1,1,0,0,0,0,0,0,0,0,1,0,1
136,0x000006ca,0x000006c8,0x00891913,1,1,1,0,0,0,0,0,0,0,0,1,1,1
137,0x000006ca,0x000006c8,0x00891913,0,1,1,0,0,0,0,0,0,0,0,1,0,0
138,0x000006ce,0x000006ca,0x01f964b3,1,1,1,0,0,0,0,0,0,0,0,1,1,1
139,0x000006ce,0x000006ca,0x01f964b3,0,1,1,0,0,0,0,0,0,0,0,1,0,0
140,0x000006d0,0x000006ce,0x01099993,1,1,1,0,0,0,0,0,0,0,0,1,0,1
141,0x000006d2,0x000006d0,0x018a1a13,1,1,1,0,0,0,0,0,0,0,0,1,0,1
142,0x000006d6,0x000006d2,0x013a6733,1,1,1,0,0,0,0,0,0,0,0,1,1,1
143,0x000006d6,0x000006d2,0x013a6733,0,1,1,0,0,0,0,0,0,0,0,1,0,0
144,0x000006d8,0x000006d6,0x0045a503,1,1,1,0,0,0,0,0,0,0,0,1,0,1
145,0x000006da,0x000006d8,0x00869693,1,1,1,0,0,0,0,0,1,1,0,1,0,1
146,0x000006de,0x000006da,0x0166e6b3,1,0,0,0,0,0,0,0,0,0,0,1,1,1
147,0x000006de,0x000006da,0x0166e6b3,1,1,1,0,0,0,0,0,0,0,1,1,0,1
148,0x000006e0,0x000006de,0x010b9b93,1,1,1,0,0,0,0,0,0,0,0,1,0,1
149,0x000006e4,0x000006e0,0x64050033,1,1,1,0,0,0,0,0,0,0,0,1,0,1
150,0x000006e6,0x000006e4,0x0085a503,1,1,1,0,0,0,0,0,0,0,0,1,1,1
151,0x000006e6,0x000006e4,0x0085a503,0,1,1,0,0,0,0,0,1,1,0,1,0,0
152,0x000006e8,0x000006e6,0x018a9a93,1,0,0,0,0,0,0,0,0,0,0,1,0,1
153,0x000006e8,0x000006e6,0x018a9a93,1,1,1,0,0,0,0,0,0,0,1,1,0,1
154,0x000006ec,0x000006e8,0x017ae7b3,1,1,1,0,0,0,0,0,0,0,0,1,0,1
155,0x000006f0,0x000006ec,0x0102e433,1,1,1,0,0,0,0,0,0,0,0,1,1,1
156,0x000006f0,0x000006ec,0x0102e433,0,1,1,0,0,0,0,0,0,0,0,1,0,0
157,0x000006f4,0x000006f0,0xa4050033,1,1,1,0,0,0,0,0,0,0,0,1,1,1
158,0x000006f4,0x000006f0,0xa4050033,0,1,1,0,0,0,0,0,0,0,0,1,0,0
159,0x000006f6,0x000006f4,0x00c5a503,1,1,1,0,0,0,0,0,0,0,0,1,1,1
160,0x000006f6,0x000006f4,0x00c5a503,0,1,1,0,0,0,0,0,1,1,0,1,0,0
161,0x000006fa,0x000006f6,0x011365b3,1,0,0,0,0,0,0,0,0,0,0,1,1,1
162,0x000006fa,0x000006f6,0x011365b3,1,1,1,0,0,0,0,0,0,0,1,1,0,1
163,0x000006fc,0x000006fa,0x00976733,1,1,1,0,0,0,0,0,0,0,0,1,0,1
164,0x00000700,0x000006fc,0x00d7e833,1,1,1,0,0,0,0,0,0,0,0,1,0,1
165,0x00000704,0x00000700,0xe4050033,1,1,1,0,0,0,0,0,0,0,0,1,1,1
166,0x00000704,0x00000700,0xe4050033,0,1,1,0,0,0,0,0,0,0,0,1,0,0
167,0x00000708,0x00000704,0x28000533,1,1,1,0,0,0,0,0,0,0,0,1,1,1
168,0x00000708,0x00000704,0x28000533,0,1,1,0,0,0,1,0,0,0,0,1,0,0
169,0x0000070c,0x00000708,0x680007b3,1,1,1,0,0,0,1,0,0,0,0,1,1,1
170,0x0000070c,0x00000708,0x680007b3,0,1,1,0,0,0,1,0,0,0,0,1,0,0
171,0x00000710,0x0000070c,0xa80004b3,1,1,1,0,0,0,1,0,0,0,0,1,1,1
172,0x00000710,0x0000070c,0xa80004b3,0,1,1,0,0,0,1,0,0,0,0,1,0,0
173,0x00000714,0x00000710,0xe80006b3,1,1,1,0,0,0,1,0,0,0,0,1,1,1
174,0x00000714,0x00000710,0xe80006b3,0,1,1,0,0,0,1,0,0,0,0,1,0,0
175,0x00000716,0x00000714,0x00854533,1,1,1,0,0,0,1,0,0,0,0,1,1,1
176,0x00000716,0x00000714,0x00854533,0,1,1,0,0,0,0,0,0,0,0,1,0,0
177,0x0000071a,0x00000716,0x20000033,1,1,1,0,0,0,0,0,0,0,0,1,1,1
178,0x0000071a,0x00000716,0x20000033,0,1,1,0,0,0,1,0,0,0,0,1,0,0
179,0x0000071c,0x0000071a,0x00f5c5b3,1,1,1,0,0,0,1,0,0,0,0,1,0,1
180,0x00000720,0x0000071c,0x280007b3,1,1,1,0,0,0,0,0,0,0,0,1,0,1
181,0x00000722,0x00000720,0x00974733,1,1,1,0,0,0,1,0,0,0,0,1,1,1
182,0x00000722,0x00000720,0x00974733,0,1,1,0,0,0,0,0,0,0,0,1,0,0
183,0x00000726,0x00000722,0x680004b3,1,1,1,0,0,0,0,0,0,0,0,1,1,1
184,0x00000726,0x00000722,0x680004b3,0,1,1,0,0,0,1,0,0,0,0,1,0,0
185,0x0000072a,0x00000726,0x0106c6b3,1,1,1,0,0,0,1,0,0,0,0,1,1,1
186,0x0000072a,0x00000726,0x0106c6b3,0,1,1,0,0,0,0,0,0,0,0,1,0,0
187,0x0000072e,0x0000072a,0xa8000433,1,1,1,0,0,0,0,0,0,0,0,1,1,1
188,0x0000072e,0x0000072a,0xa8000433,0,1,1,0,0,0,1,0,0,0,0,1,0,0
189,0x00000732,0x0000072e,0xe8000833,1,1,1,0,0,0,1,0,0,0,0,1,1,1
190,0x00000732,0x0000072e,0xe8000833,0,1,1,0,0,0,1,0,0,0,0,1,0,0
191,0x00000736,0x00000732,0x26a787b3,1,1,1,0,0,0,1,0,0,0,0,1,1,1
192,0x00000736,0x00000732,0x26a787b3,0,1,1,0,0,0,0,0,0,0,0,1,0,0
193,0x0000073a,0x00000736,0x20000033,1,1,1,0,0,0,0,0,0,0,0,1,1,1
194,0x0000073a,0x00000736,0x20000033,0,1,1,0,0,0,1,0,0,0,0,1,0,0
195,0x0000073e,0x0000073a,0x66b787b3,1,1,1,0,0,0,1,0,0,0,0,1,1,1
196,0x0000073e,0x0000073a,0x66b787b3,0,1,1,0,0,0,0,0,0,0,0,1,0,0
197,0x00000742,0x0000073e,0x26b484b3,1,1,1,0,0,0,0,0,0,0,0,1,1,1
198,0x00000742,0x0000073e,0x26b484b3,0,1,1,0,0,0,0,0,0,0,0,1,0,0
199,0x00000746,0x00000742,0xa6e787b3,1,1,1,0,0,0,0,0,0,0,0,1,1,1
200,0x00000746,0x00000742,0xa6e787b3,0,1,1,0,0,0,0,0,0,0,0,1,0,0
201,0x0000074a,0x00000746,0x66e484b3,1,1,1,0,0,0,0,0,0,0,0,1,1,1
202,0x0000074a,0x00000746,0x66e484b3,0,1,1,0,0,0,0,0,0,0,0,1,0,0
203,0x0000074e,0x0000074a,0x26e40433,1,1,1,0,0,0,0,0,0,0,0,1,1,1
204,0x0000074e,0x0000074a,0x26e40433,0,1,1,0,0,0,0,0,0,0,0,1,0,0
205,0x00000752,0x0000074e,0xe6d787b3,1,1,1,0,0,0,0,0,0,0,0,1,1,1
206,0x00000752,0x0000074e,0xe6d787b3,0,1,1,0,0,0,0,0,0,0,0,1,0,0
207,0x00000756,0x00000752,0xa6d484b3,1,1,1,0,0,0,0,0,0,0,0,1,1,1
208,0x00000756,0x00000752,0xa6d484b3,0,1,1,0,0,0,0,0,0,0,0,1,0,0
209,0x0000075a,0x00000756,0x66d40433,1,1,1,0,0,0,0,0,0,0,0,1,1,1
210,0x0000075a,0x00000756,0x66d40433,0,1,1,0,0,0,0,0,0,0,0,1,0,0
211,0x0000075e,0x0000075a,0x26d806b3,1,1,1,0,0,0,0,0,0,0,0,1,1,1
212,0x0000075e,0x0000075a,0x26d806b3,0,1,1,0,0,0,0,0,0,0,0,1,0,0
213,0x00000762,0x0000075e,0x28000833,1,1,1,0,0,0,0,0,0,0,0,1,1,1
214,0x00000762,0x0000075e,0x28000833,0,1,1,0,0,0,1,0,0,0,0,1,0,0
215,0x00000766,0x00000762,0xe6a484b3,1,1,1,0,0,0,1,0,0,0,0,1,1,1
216,0x00000766,0x00000762,0xe6a484b3,0,1,1,0,0,0,0,0,0,0,0,1,0,0
217,0x0000076a,0x00000766,0xa6a40433,1,1,1,0,0,0,0,0,0,0,0,1,1,1
218,0x0000076a,0x00000766,0xa6a40433,0,1,1,0,0,0,0,0,0,0,0,1,0,0
219,0x0000076e,0x0000076a,0x66a68533,1,1,1,0,0,0,0,0,0,0,0,1,1,1
220,0x0000076e,0x0000076a,0x66a68533,0,1,1,0,0,0,0,0,0,0,0,1,0,0
221,0x00000772,0x0000076e,0x680006b3,1,1,1,0,0,0,0,0,0,0,0,1,1,1
222,0x00000772,0x0000076e,0x680006b3,0,1,1,0,0,0,1,0,0,0,0,1,0,0
223,0x00000776,0x00000772,0xe6b40433,1,1,1,0,0,0,1,0,0,0,0,1,1,1
224,0x00000776,0x00000772,0xe6b40433,0,1,1,0,0,0,0,0,0,0,0,1,0,0
225,0x0000077a,0x00000776,0xa6b50533,1,1,1,0,0,0,0,0,0,0,0,1,1,1
226,0x0000077a,0x00000776,0xa6b50533,0,1,1,0,0,0,0,0,0,0,0,1,0,0
227,0x0000077e,0x0000077a,0xa80005b3,1,1,1,0,0,0,0,0,0,0,0,1,1,1
228,0x0000077e,0x0000077a,0xa80005b3,0,1,1,0,0,0,1,0,0,0,0,1,0,0
229,0x00000782,0x0000077e,0xe6e50533,1,1,1,0,0,0,1,0,0,0,0,1,1,1
230,0x00000782,0x0000077e,0xe6e50533,0,1,1,0,0,0,0,0,0,0,0,1,0,0
231,0x00000786,0x00000782,0xe80008b3,1,1,1,0,0,0,0,0,0,0,0,1,1,1
232,0x00000786,0x00000782,0xe80008b3,0,1,1,0,0,0,1,0,0,0,0,1,0,0
233,0x0000078a,0x00000786,0x26f80733,1,1,1,0,0,0,1,0,0,0,0,1,1,1
234,0x0000078a,0x00000786,0x26f80733,0,1,1,0,0,0,0,0,0,0,0,1,0,0
235,0x0000078e,0x0000078a,0x20000033,1,1,1,0,0,0,0,0,0,0,0,1,1,1
236,0x0000078e,0x0000078a,0x20000033,0,1,1,0,0,0,1,0,0,0,0,1,0,0
237,0x00000792,0x0000078e,0x66970733,1,1,1,0,0,0,1,0,0,0,0,1,1,1
238,0x00000792,0x0000078e,0x66970733,0,1,1,0,0,0,0,0,0,0,0,1,0,0
239,0x00000796,0x00000792,0x269686b3,1,1,1,0,0,0,0,0,0,0,0,1,1,1
240,0x00000796,0x00000792,0x269686b3,0,1,1,0,0,0,0,0,0,0,0,1,0,0
241,0x0000079a,0x00000796,0xa6870733,1,1,1,0,0,0,0,0,0,0,0,1,1,1
242,0x0000079a,0x00000796,0xa6870733,0,1,1,0,0,0,0,0,0,0,0,1,0,0
243,0x0000079e,0x0000079a,0x668686b3,1,1,1,0,0,0,0,0,0,0,0,1,1,1
244,0x0000079e,0x0000079a,0x668686b3,0,1,1,0,0,0,0,0,0,0,0,1,0,0
245,0x000007a2,0x0000079e,0x268585b3,1,1,1,0,0,0,0,0,0,0,0,1,1,1
246,0x000007a2,0x0000079e,0x268585b3,0,1,1,0,0,0,0,0,0,0,0,1,0,0
247,0x000007a6,0x000007a2,0xe6a70733,1,1,1,0,0,0,0,0,0,0,0,1,1,1
248,0x000007a6,0x000007a2,0xe6a70733,0,1,1,0,0,0,0,0,0,0,0,1,0,0
249,0x000007aa,0x000007a6,0xa6a686b3,1,1,1,0,0,0,0,0,0,0,0,1,1,1
250,0x000007aa,0x000007a6,0xa6a686b3,0,1,1,0,0,0,0,0,0,0,0,1,0,0
251,0x000007ae,0x000007aa,0x66a585b3,1,1,1,0,0,0,0,0,0,0,0,1,1,1
252,0x000007ae,0x000007aa,0x66a585b3,0,1,1,0,0,0,0,0,0,0,0,1,0,0
253,0x000007b2,0x000007ae,0x26a88533,1,1,1,0,0,0,0,0,0,0,0,1,1,1
254,0x000007b2,0x000007ae,0x26a88533,0,1,1,0,0,0,0,0,0,0,0,1,0,0
255,0x000007b6,0x000007b2,0x28000833,1,1,1,0,0,0,0,0,0,0,0,1,1,1
256,0x000007b6,0x000007b2,0x28000833,0,1,1,0,0,0,1,0,0,0,0,1,0,0
257,0x000007ba,0x000007b6,0xe6f686b3,1,1,1,0,0,0,1,0,0,0,0,1,1,1
258,0x000007ba,0x000007b6,0xe6f686b3,0,1,1,0,0,0,0,0,0,0,0,1,0,0
259,0x000007be,0x000007ba,0xa6f585b3,1,1,1,0,0,0,0,0,0,0,0,1,1,1
260,0x000007be,0x000007ba,0xa6f585b3,0,1,1,0,0,0,0,0,0,0,0,1,0,0
261,0x000007c2,0x000007be,0x66f50533,1,1,1,0,0,0,0,0,0,0,0,1,1,1
262,0x000007c2,0x000007be,0x66f50533,0,1,1,0,0,0,0,0,0,0,0,1,0,0
263,0x000007c6,0x000007c2,0x680007b3,1,1,1,0,0,0,0,0,0,0,0,1,1,1
264,0x000007c6,0x000007c2,0x680007b3,0,1,1,0,0,0,1,0,0,0,0,1,0,0
265,0x000007ca,0x000007c6,0xe69585b3,1,1,1,0,0,0,1,0,0,0,0,1,1,1
266,0x000007ca,0x000007c6,0xe69585b3,0,1,1,0,0,0,0,0,0,0,0,1,0,0
267,0x000007ce,0x000007ca,0xa6950533,1,1,1,0,0,0,0,0,0,0,0,1,1,1
268,0x000007ce,0x000007ca,0xa6950533,0,1,1,0,0,0,0,0,0,0,0,1,0,0
269,0x000007d2,0x000007ce,0xa80004b3,1,1,1,0,0,0,0,0,0,0,0,1,1,1
270,0x000007d2,0x000007ce,0xa80004b3,0,1,1,0,0,0,1,0,0,0,0,1,0,0
271,0x000007d6,0x000007d2,0xe6850533,1,1,1,0,0,0,1,0,0,0,0,1,1,1
272,0x000007d6,0x000007d2,0xe6850533,0,1,1,0,0,0,0,0,0,0,0,1,0,0
273,0x000007da,0x000007d6,0xe80008b3,1,1,1,0,0,0,0,0,0,0,0,1,1,1
274,0x000007da,0x000007d6,0xe80008b3,0,1,1,0,0,0,1,0,0,0,0,1,0,0
275,0x000007de,0x000007da,0x26e80433,1,1,1,0,0,0,1,0,0,0,0,1,1,1
276,0x000007de,0x000007da,0x26e80433,0,1,1,0,0,0,0,0,0,0,0,1,0,0
277,0x000007e2,0x000007de,0x20000033,1,1,1,0,0,0,0,0,0,0,0,1,1,1
278,0x000007e2,0x000007de,0x20000033,0,1,1,0,0,0,1,0,0,0,0,1,0,0
279,0x000007e6,0x000007e2,0x66d40433,1,1,1,0,0,0,1,0,0,0,0,1,1,1
280,0x000007e6,0x000007e2,0x66d40433,0,1,1,0,0,0,0,0,0,0,0,1,0,0
281,0x000007ea,0x000007e6,0x26d787b3,1,1,1,0,0,0,0,0,0,0,0,1,1,1
282,0x000007ea,0x000007e6,0x26d787b3,0,1,1,0,0,0,0,0,0,0,0,1,0,0
283,0x000007ee,0x000007ea,0xa6b40433,1,1,1,0,0,0,0,0,0,0,0,1,1,1
284,0x000007ee,0x000007ea,0xa6b40433,0,1,1,0,0,0,0,0,0,0,0,1,0,0
285,0x000007f2,0x000007ee,0x66b787b3,1,1,1,0,0,0,0,0,0,0,0,1,1,1
286,0x000007f2,0x000007ee,0x66b787b3,0,1,1,0,0,0,0,0,0,0,0,1,0,0
287,0x000007f6,0x000007f2,0x26b484b3,1,1,1,0,0,0,0,0,0,0,0,1,1,1
288,0x000007f6,0x000007f2,0x26b484b3,0,1,1,0,0,0,0,0,0,0,0,1,0,0
289,0x000007fa,0x000007f6,0xe6a40433,1,1,1,0,0,0,0,0,0,0,0,1,1,1
290,0x000007fa,0x000007f6,0xe6a40433,0,1,1,0,0,0,0,0,0,0,0,1,0,0
291,0x000007fe,0x000007fa,0xa6a787b3,1,1,1,0,0,0,0,0,0,0,0,1,1,1
292,0x000007fe,0x000007fa,0xa6a787b3,0,1,1,0,0,0,0,0,0,0,0,1,0,0
293,0x00000802,0x000007fe,0x66a484b3,1,1,1,0,0,0,0,0,0,0,0,1,1,1
294,0x00000802,0x000007fe,0x66a484b3,0,1,1,0,0,0,0,0,0,0,0,1,0,0
295,0x00000806,0x00000802,0x26a88533,1,1,1,0,0,0,0,0,0,0,0,1,1,1
296,0x00000806,0x00000802,0x26a88533,0,1,1,0,0,0,0,0,0,0,0,1,0,0
297,0x0000080a,0x00000806,0x28000833,1,1,1,0,0,0,0,0,0,0,0,1,1,1
298,0x0000080a,0x00000806,0x28000833,0,1,1,0,0,0,1,0,0,0,0,1,0,0
299,0x0000080e,0x0000080a,0xe6e787b3,1,1,1,0,0,0,1,0,0,0,0,1,1,1
300,0x0000080e,0x0000080a,0xe6e787b3,0,1,1,0,0,0,0,0,0,0,0,1,0,0
301,0x00000812,0x0000080e,0xa6e484b3,1,1,1,0,0,0,0,0,0,0,0,1,1,1
302,0x00000812,0x0000080e,0xa6e484b3,0,1,1,0,0,0,0,0,0,0,0,1,0,0
303,0x00000816,0x00000812,0x66e50533,1,1,1,0,0,0,0,0,0,0,0,1,1,1
304,0x00000816,0x00000812,0x66e50533,0,1,1,0,0,0,0,0,0,0,0,1,0,0
305,0x0000081a,0x00000816,0x68000733,1,1,1,0,0,0,0,0,0,0,0,1,1,1
306,0x0000081a,0x00000816,0x68000733,0,1,1,0,0,0,1,0,0,0,0,1,0,0
307,0x0000081e,0x0000081a,0xe6d484b3,1,1,1,0,0,0,1,0,0,0,0,1,1,1
308,0x0000081e,0x0000081a,0xe6d484b3,0,1,1,0,0,0,0,0,0,0,0,1,0,0
309,0x00000822,0x0000081e,0xa6d50533,1,1,1,0,0,0,0,0,0,0,0,1,1,1
310,0x00000822,0x0000081e,0xa6d50533,0,1,1,0,0,0,0,0,0,0,0,1,0,0
311,0x00000826,0x00000822,0xa80006b3,1,1,1,0,0,0,0,0,0,0,0,1,1,1
312,0x00000826,0x00000822,0xa80006b3,0,1,1,0,0,0,1,0,0,0,0,1,0,0
313,0x0000082a,0x00000826,0xe6b50533,1,1,1,0,0,0,1,0,0,0,0,1,1,1
314,0x0000082a,0x00000826,0xe6b50533,0,1,1,0,0,0,0,0,0,0,0,1,0,0
315,0x0000082e,0x0000082a,0xe80008b3,1,1,1,0,0,0,0,0,0,0,0,1,1,1
316,0x0000082e,0x0000082a,0xe80008b3,0,1,1,0,0,0,1,0,0,0,0,1,0,0
317,0x00000832,0x0000082e,0x268805b3,1,1,1,0,0,0,1,0,0,0,0,1,1,1
318,0x00000832,0x0000082e,0x268805b3,0,1,1,0,0,0,0,0,0,0,0,1,0,0
319,0x00000836,0x00000832,0x20000033,1,1,1,0,0,0,0,0,0,0,0,1,1,1
320,0x00000836,0x00000832,0x20000033,0,1,1,0,0,0,1,0,0,0,0,1,0,0
321,0x0000083a,0x00000836,0x66f585b3,1,1,1,0,0,0,1,0,0,0,0,1,1,1
322,0x0000083a,0x00000836,0x66f585b3,0,1,1,0,0,0,0,0,0,0,0,1,0,0
323,0x0000083e,0x0000083a,0x26f70733,1,1,1,0,0,0,0,0,0,0,0,1,1,1
324,0x0000083e,0x0000083a,0x26f70733,0,1,1,0,0,0,0,0,0,0,0,1,0,0
325,0x00000842,0x0000083e,0xa69585b3,1,1,1,0,0,0,0,0,0,0,0,1,1,1
326,0x00000842,0x0000083e,0xa69585b3,0,1,1,0,0,0,0,0,0,0,0,1,0,0
327,0x00000846,0x00000842,0x66970733,1,1,1,0,0,0,0,0,0,0,0,1,1,1
328,0x00000846,0x00000842,0x66970733,0,1,1,0,0,0,0,0,0,0,0,1,0,0
329,0x0000084a,0x00000846,0x269686b3,1,1,1,0,0,0,0,0,0,0,0,1,1,1
330,0x0000084a,0x00000846,0x269686b3,0,1,1,0,0,0,0,0,0,0,0,1,0,0
331,0x0000084e,0x0000084a,0xe6a585b3,1,1,1,0,0,0,0,0,0,0,0,1,1,1
332,0x0000084e,0x0000084a,0xe6a585b3,0,1,1,0,0,0,0,0,0,0,0,1,0,0
333,0x00000852,0x0000084e,0xa6a70733,1,1,1,0,0,0,0,0,0,0,0,1,1,1
334,0x00000852,0x0000084e,0xa6a70733,0,1,1,0,0,0,0,0,0,0,0,1,0,0
335,0x00000856,0x00000852,0x66a686b3,1,1,1,0,0,0,0,0,0,0,0,1,1,1
336,0x00000856,0x00000852,0x66a686b3,0,1,1,0,0,0,0,0,0,0,0,1,0,0
337,0x0000085a,0x00000856,0x26a88533,1,1,1,0,0,0,0,0,0,0,0,1,1,1
338,0x0000085a,0x00000856,0x26a88533,0,1,1,0,0,0,0,0,0,0,0,1,0,0
339,0x0000085e,0x0000085a,0x28000833,1,1,1,0,0,0,0,0,0,0,0,1,1,1
340,0x0000085e,0x0000085a,0x28000833,0,1,1,0,0,0,1,0,0,0,0,1,0,0
341,0x00000862,0x0000085e,0xe6870733,1,1,1,0,0,0,1,0,0,0,0,1,1,1
342,0x00000862,0x0000085e,0xe6870733,0,1,1,0,0,0,0,0,0,0,0,1,0,0
343,0x00000866,0x00000862,0xa68686b3,1,1,1,0,0,0,0,0,0,0,0,1,1,1
344,0x00000866,0x00000862,0xa68686b3,0,1,1,0,0,0,0,0,0,0,0,1,0,0
345,0x0000086a,0x00000866,0x66850533,1,1,1,0,0,0,0,0,0,0,0,1,1,1
346,0x0000086a,0x00000866,0x66850533,0,1,1,0,0,0,0,0,0,0,0,1,0,0
347,0x0000086e,0x0000086a,0x68000433,1,1,1,0,0,0,0,0,0,0,0,1,1,1
348,0x0000086e,0x0000086a,0x68000433,0,1,1,0,0,0,1,0,0,0,0,1,0,0
349,0x00000872,0x0000086e,0xe6f686b3,1,1,1,0,0,0,1,0,0,0,0,1,1,1
350,0x00000872,0x0000086e,0xe6f686b3,0,1,1,0,0,0,0,0,0,0,0,1,0,0
351,0x00000876,0x00000872,0xa6f50533,1,1,1,0,0,0,0,0,0,0,0,1,1,1
352,0x00000876,0x00000872,0xa6f50533,0,1,1,0,0,0,0,0,0,0,0,1,0,0
353,0x0000087a,0x00000876,0xa80007b3,1,1,1,0,0,0,0,0,0,0,0,1,1,1
354,0x0000087a,0x00000876,0xa80007b3,0,1,1,0,0,0,1,0,0,0,0,1,0,0
355,0x0000087e,0x0000087a,0xe6950533,1,1,1,0,0,0,1,0,0,0,0,1,1,1
356,0x0000087e,0x0000087a,0xe6950533,0,1,1,0,0,0,0,0,0,0,0,1,0,0
357,0x00000882,0x0000087e,0xe80008b3,1,1,1,0,0,0,0,0,0,0,0,1,1,1
358,0x00000882,0x0000087e,0xe80008b3,0,1,1,0,0,0,1,0,0,0,0,1,0,0
359,0x00000886,0x00000882,0x26b804b3,1,1,1,0,0,0,1,0,0,0,0,1,1,1
360,0x00000886,0x00000882,0x26b804b3,0,1,1,0,0,0,0,0,0,0,0,1,0,0
361,0x0000088a,0x00000886,0x20000033,1,1,1,0,0,0,0,0,0,0,0,1,1,1
362,0x0000088a,0x00000886,0x20000033,0,1,1,0,0,0,1,0,0,0,0,1,0,0
363,0x0000088e,0x0000088a,0x66e484b3,1,1,1,0,0,0,1,0,0,0,0,1,1,1
364,0x0000088e,0x0000088a,0x66e484b3,0,1,1,0,0,0,0,0,0,0,0,1,0,0
365,0x00000892,0x0000088e,0x26e40433,1,1,1,0,0,0,0,0,0,0,0,1,1,1
366,0x00000892,0x0000088e,0x26e40433,0,1,1,0,0,0,0,0,0,0,0,1,0,0
367,0x00000896,0x00000892,0xa6d484b3,1,1,1,0,0,0,0,0,0,0,0,1,1,1
368,0x00000896,0x00000892,0xa6d484b3,0,1,1,0,0,0,0,0,0,0,0,1,0,0
369,0x0000089a,0x00000896,0x66d40433,1,1,1,0,0,0,0,0,0,0,0,1,1,1
370,0x0000089a,0x00000896,0x66d40433,0,1,1,0,0,0,0,0,0,0,0,1,0,0
371,0x0000089e,0x0000089a,0x26d787b3,1,1,1,0,0,0,0,0,0,0,0,1,1,1
372,0x0000089e,0x0000089a,0x26d787b3,0,1,1,0,0,0,0,0,0,0,0,1,0,0
373,0x000008a2,0x0000089e,0xe6a484b3,1,1,1,0,0,0,0,0,0,0,0,1,1,1
374,0x000008a2,0x0000089e,0xe6a484b3,0,1,1,0,0,0,0,0,0,0,0,1,0,0
375,0x000008a6,0x000008a2,0xa6a40433,1,1,1,0,0,0,0,0,0,0,0,1,1,1
376,0x000008a6,0x000008a2,0xa6a40433,0,1,1,0,0,0,0,0,0,0,0,1,0,0
377,0x000008aa,0x000008a6,0x66a787b3,1,1,1,0,0,0,0,0,0,0,0,1,1,1
378,0x000008aa,0x000008a6,0x66a787b3,0,1,1,0,0,0,0,0,0,0,0,1,0,0
379,0x000008ae,0x000008aa,0x26a88533,1,1,1,0,0,0,0,0,0,0,0,1,1,1
380,0x000008ae,0x000008aa,0x26a88533,0,1,1,0,0,0,0,0,0,0,0,1,0,0
381,0x000008b2,0x000008ae,0x28000833,1,1,1,0,0,0,0,0,0,0,0,1,1,1
382,0x000008b2,0x000008ae,0x28000833,0,1,1,0,0,0,1,0,0,0,0,1,0,0
383,0x000008b6,0x000008b2,0xe6b40433,1,1,1,0,0,0,1,0,0,0,0,1,1,1
384,0x000008b6,0x000008b2,0xe6b40433,0,1,1,0,0,0,0,0,0,0,0,1,0,0
385,0x000008ba,0x000008b6,0xa6b787b3,1,1,1,0,0,0,0,0,0,0,0,1,1,1
386,0x000008ba,0x000008b6,0xa6b787b3,0,1,1,0,0,0,0,0,0,0,0,1,0,0
387,0x000008be,0x000008ba,0x66b50533,1,1,1,0,0,0,0,0,0,0,0,1,1,1
388,0x000008be,0x000008ba,0x66b50533,0,1,1,0,0,0,0,0,0,0,0,1,0,0
389,0x000008c2,0x000008be,0x680005b3,1,1,1,0,0,0,0,0,0,0,0,1,1,1
390,0x000008c2,0x000008be,0x680005b3,0,1,1,0,0,0,1,0,0,0,0,1,0,0
391,0x000008c6,0x000008c2,0xe6e787b3,1,1,1,0,0,0,1,0,0,0,0,1,1,1
392,0x000008c6,0x000008c2,0xe6e787b3,0,1,1,0,0,0,0,0,0,0,0,1,0,0
393,0x000008ca,0x000008c6,0xa6e50533,1,1,1,0,0,0,0,0,0,0,0,1,1,1
394,0x000008ca,0x000008c6,0xa6e50533,0,1,1,0,0,0,0,0,0,0,0,1,0,0
395,0x000008ce,0x000008ca,0xa8000733,1,1,1,0,0,0,0,0,0,0,0,1,1,1
396,0x000008ce,0x000008ca,0xa8000733,0,1,1,0,0,0,1,0,0,0,0,1,0,0
397,0x000008d2,0x000008ce,0xe6d50533,1,1,1,0,0,0,1,0,0,0,0,1,1,1
398,0x000008d2,0x000008ce,0xe6d50533,0,1,1,0,0,0,0,0,0,0,0,1,0,0
399,0x000008d6,0x000008d2,0xe80008b3,1,1,1,0,0,0,0,0,0,0,0,1,1,1
400,0x000008d6,0x000008d2,0xe80008b3,0,1,1,0,0,0,1,0,0,0,0,1,0,0
401,0x000008da,0x000008d6,0x269806b3,1,1,1,0,0,0,1,0,0,0,0,1,1,1
402,0x000008da,0x000008d6,0x269806b3,0,1,1,0,0,0,0,0,0,0,0,1,0,0
403,0x000008de,0x000008da,0x20000033,1,1,1,0,0,0,0,0,0,0,0,1,1,1
404,0x000008de,0x000008da,0x20000033,0,1,1,0,0,0,1,0,0,0,0,1,0,0
405,0x000008e2,0x000008de,0x668686b3,1,1,1,0,0,0,1,0,0,0,0,1,1,1
406,0x000008e2,0x000008de,0x668686b3,0,1,1,0,0,0,0,0,0,0,0,1,0,0
407,0x000008e6,0x000008e2,0x268585b3,1,1,1,0,0,0,0,0,0,0,0,1,1,1
408,0x000008e6,0x000008e2,0x268585b3,0,1,1,0,0,0,0,0,0,0,0,1,0,0
409,0x000008ea,0x000008e6,0xa6f686b3,1,1,1,0,0,0,0,0,0,0,0,1,1,1
410,0x000008ea,0x000008e6,0xa6f686b3,0,1,1,0,0,0,0,0,0,0,0,1,0,0
411,0x000008ee,0x000008ea,0x66f585b3,1,1,1,0,0,0,0,0,0,0,0,1,1,1
412,0x000008ee,0x000008ea,0x66f585b3,0,1,1,0,0,0,0,0,0,0,0,1,0,0
413,0x000008f2,0x000008ee,0x26f70733,1,1,1,0,0,0,0,0,0,0,0,1,1,1
414,0x000008f2,0x000008ee,0x26f70733,0,1,1,0,0,0,0,0,0,0,0,1,0,0
415,0x000008f6,0x000008f2,0xe6a686b3,1,1,1,0,0,0,0,0,0,0,0,1,1,1
416,0x000008f6,0x000008f2,0xe6a686b3,0,1,1,0,0,0,0,0,0,0,0,1,0,0
417,0x000008fa,0x000008f6,0xa6a585b3,1,1,1,0,0,0,0,0,0,0,0,1,1,1
418,0x000008fa,0x000008f6,0xa6a585b3,0,1,1,0,0,0,0,0,0,0,0,1,0,0
419,0x000008fe,0x000008fa,0x66a70733,1,1,1,0,0,0,0,0,0,0,0,1,1,1
420,0x000008fe,0x000008fa,0x66a70733,0,1,1,0,0,0,0,0,0,0,0,1,0,0
421,0x00000902,0x000008fe,0x26a88533,1,1,1,0,0,0,0,0,0,0,0,1,1,1
422,0x00000902,0x000008fe,0x26a88533,0,1,1,0,0,0,0,0,0,0,0,1,0,0
423,0x00000906,0x00000902,0x28000833,1,1,1,0,0,0,0,0,0,0,0,1,1,1
424,0x00000906,0x00000902,0x28000833,0,1,1,0,0,0,1,0,0,0,0,1,0,0
425,0x0000090a,0x00000906,0xe69585b3,1,1,1,0,0,0,1,0,0,0,0,1,1,1
426,0x0000090a,0x00000906,0xe69585b3,0,1,1,0,0,0,0,0,0,0,0,1,0,0
427,0x0000090e,0x0000090a,0xa6970733,1,1,1,0,0,0,0,0,0,0,0,1,1,1
428,0x0000090e,0x0000090a,0xa6970733,0,1,1,0,0,0,0,0,0,0,0,1,0,0
429,0x00000912,0x0000090e,0x66950533,1,1,1,0,0,0,0,0,0,0,0,1,1,1
430,0x00000912,0x0000090e,0x66950533,0,1,1,0,0,0,0,0,0,0,0,1,0,0
431,0x00000916,0x00000912,0x680004b3,1,1,1,0,0,0,0,0,0,0,0,1,1,1
432,0x00000916,0x00000912,0x680004b3,0,1,1,0,0,0,1,0,0,0,0,1,0,0
433,0x0000091a,0x00000916,0xe6870733,1,1,1,0,0,0,1,0,0,0,0,1,1,1
434,0x0000091a,0x00000916,0xe6870733,0,1,1,0,0,0,0,0,0,0,0,1,0,0
435,0x0000091e,0x0000091a,0xa6850533,1,1,1,0,0,0,0,0,0,0,0,1,1,1
436,0x0000091e,0x0000091a,0xa6850533,0,1,1,0,0,0,0,0,0,0,0,1,0,0
437,0x00000922,0x0000091e,0xa8000433,1,1,1,0,0,0,0,0,0,0,0,1,1,1
438,0x00000922,0x0000091e,0xa8000433,0,1,1,0,0,0,1,0,0,0,0,1,0,0
439,0x00000926,0x00000922,0xe6f50533,1,1,1,0,0,0,1,0,0,0,0,1,1,1
440,0x00000926,0x00000922,0xe6f50533,0,1,1,0,0,0,0,0,0,0,0,1,0,0
441,0x0000092a,0x00000926,0xe80008b3,1,1,1,0,0,0,0,0,0,0,0,1,1,1
442,0x0000092a,0x00000926,0xe80008b3,0,1,1,0,0,0,1,0,0,0,0,1,0,0
443,0x0000092e,0x0000092a,0x26d807b3,1,1,1,0,0,0,1,0,0,0,0,1,1,1
444,0x0000092e,0x0000092a,0x26d807b3,0,1,1,0,0,0,0,0,0,0,0,1,0,0
445,0x00000932,0x0000092e,0x20000033,1,1,1,0,0,0,0,0,0,0,0,1,1,1
446,0x00000932,0x0000092e,0x20000033,0,1,1,0,0,0,1,0,0,0,0,1,0,0
447,0x00000936,0x00000932,0x66b787b3,1,1,1,0,0,0,1,0,0,0,0,1,1,1
448,0x00000936,0x00000932,0x66b787b3,0,1,1,0,0,0,0,0,0,0,0,1,0,0
449,0x0000093a,0x00000936,0x26b484b3,1,1,1,0,0,0,0,0,0,0,0,1,1,1
450,0x0000093a,0x00000936,0x26b484b3,0,1,1,0,0,0,0,0,0,0,0,1,0,0
451,0x0000093e,0x0000093a,0xa6e787b3,1,1,1,0,0,0,0,0,0,0,0,1,1,1
452,0x0000093e,0x0000093a,0xa6e787b3,0,1,1,0,0,0,0,0,0,0,0,1,0,0
453,0x00000942,0x0000093e,0x66e484b3,1,1,1,0,0,0,0,0,0,0,0,1,1,1
454,0x00000942,0x0000093e,0x66e484b3,0,1,1,0,0,0,0,0,0,0,0,1,0,0
455,0x00000946,0x00000942,0x26e40433,1,1,1,0,0,0,0,0,0,0,0,1,1,1
456,0x00000946,0x00000942,0x26e40433,0,1,1,0,0,0,0,0,0,0,0,1,0,0
457,0x0000094a,0x00000946,0xe6a787b3,1,1,1,0,0,0,0,0,0,0,0,1,1,1
458,0x0000094a,0x00000946,0xe6a787b3,0,1,1,0,0,0,0,0,0,0,0,1,0,0
459,0x0000094e,0x0000094a,0xa6a484b3,1,1,1,0,0,0,0,0,0,0,0,1,1,1
460,0x0000094e,0x0000094a,0xa6a484b3,0,1,1,0,0,0,0,0,0,0,0,1,0,0
461,0x00000952,0x0000094e,0x66a40433,1,1,1,0,0,0,0,0,0,0,0,1,1,1
462,0x00000952,0x0000094e,0x66a40433,0,1,1,0,0,0,0,0,0,0,0,1,0,0
463,0x00000956,0x00000952,0x26a88533,1,1,1,0,0,0,0,0,0,0,0,1,1,1
464,0x00000956,0x00000952,0x26a88533,0,1,1,0,0,0,0,0,0,0,0,1,0,0
465,0x0000095a,0x00000956,0x28000833,1,1,1,0,0,0,0,0,0,0,0,1,1,1
466,0x0000095a,0x00000956,0x28000833,0,1,1,0,0,0,1,0,0,0,0,1,0,0
467,0x0000095e,0x0000095a,0xe6d484b3,1,1,1,0,0,0,1,0,0,0,0,1,1,1
468,0x0000095e,0x0000095a,0xe6d484b3,0,1,1,0,0,0,0,0,0,0,0,1,0,0
469,0x00000962,0x0000095e,0xa6d40433,1,1,1,0,0,0,0,0,0,0,0,1,1,1
470,0x00000962,0x0000095e,0xa6d40433,0,1,1,0,0,0,0,0,0,0,0,1,0,0
471,0x00000966,0x00000962,0x66d50533,1,1,1,0,0,0,0,0,0,0,0,1,1,1
472,0x00000966,0x00000962,0x66d50533,0,1,1,0,0,0,0,0,0,0,0,1,0,0
473,0x0000096a,0x00000966,0x680006b3,1,1,1,0,0,0,0,0,0,0,0,1,1,1
474,0x0000096a,0x00000966,0x680006b3,0,1,1,0,0,0,1,0,0,0,0,1,0,0
475,0x0000096e,0x0000096a,0xe6b40433,1,1,1,0,0,0,1,0,0,0,0,1,1,1
476,0x0000096e,0x0000096a,0xe6b40433,0,1,1,0,0,0,0,0,0,0,0,1,0,0
477,0x00000972,0x0000096e,0xa6b50533,1,1,1,0,0,0,0,0,0,0,0,1,1,1
478,0x00000972,0x0000096e,0xa6b50533,0,1,1,0,0,0,0,0,0,0,0,1,0,0
479,0x00000976,0x00000972,0xa80005b3,1,1,1,0,0,0,0,0,0,0,0,1,1,1
480,0x00000976,0x00000972,0xa80005b3,0,1,1,0,0,0,1,0,0,0,0,1,0,0
481,0x0000097a,0x00000976,0xe6e50533,1,1,1,0,0,0,1,0,0,0,0,1,1,1
482,0x0000097a,0x00000976,0xe6e50533,0,1,1,0,0,0,0,0,0,0,0,1,0,0
483,0x0000097e,0x0000097a,0xe80008b3,1,1,1,0,0,0,0,0,0,0,0,1,1,1
484,0x0000097e,0x0000097a,0xe80008b3,0,1,1,0,0,0,1,0,0,0,0,1,0,0
485,0x00000982,0x0000097e,0x26f80733,1,1,1,0,0,0,1,0,0,0,0,1,1,1
486,0x00000982,0x0000097e,0x26f80733,0,1,1,0,0,0,0,0,0,0,0,1,0,0
487,0x00000986,0x00000982,0x20000033,1,1,1,0,0,0,0,0,0,0,0,1,1,1
488,0x00000986,0x00000982,0x20000033,0,1,1,0,0,0,1,0,0,0,0,1,0,0
489,0x0000098a,0x00000986,0x66970733,1,1,1,0,0,0,1,0,0,0,0,1,1,1
490,0x0000098a,0x00000986,0x66970733,0,1,1,0,0,0,0,0,0,0,0,1,0,0
491,0x0000098e,0x0000098a,0x269686b3,1,1,1,0,0,0,0,0,0,0,0,1,1,1
492,0x0000098e,0x0000098a,0x269686b3,0,1,1,0,0,0,0,0,0,0,0,1,0,0
493,0x00000992,0x0000098e,0xa6870733,1,1,1,0,0,0,0,0,0,0,0,1,1,1
494,0x00000992,0x0000098e,0xa6870733,0,1,1,0,0,0,0,0,0,0,0,1,0,0
495,0x00000996,0x00000992,0x668686b3,1,1,1,0,0,0,0,0,0,0,0,1,1,1
496,0x00000996,0x00000992,0x668686b3,0,1,1,0,0,0,0,0,0,0,0,1,0,0
497,0x0000099a,0x00000996,0x268585b3,1,1,1,0,0,0,0,0,0,0,0,1,1,1
498,0x0000099a,0x00000996,0x268585b3,0,1,1,0,0,0,0,0,0,0,0,1,0,0
499,0x0000099e,0x0000099a,0xe6a70733,1,1,1,0,0,0,0,0,0,0,0,1,1,1
500,0x0000099e,0x0000099a,0xe6a70733,0,1,1,0,0,0,0,0,0,0,0,1,0,0
501,0x000009a2,0x0000099e,0xa6a686b3,1,1,1,0,0,0,0,0,0,0,0,1,1,1
502,0x000009a2,0x0000099e,0xa6a686b3,0,1,1,0,0,0,0,0,0,0,0,1,0,0
503,0x000009a6,0x000009a2,0x66a585b3,1,1,1,0,0,0,0,0,0,0,0,1,1,1
504,0x000009a6,0x000009a2,0x66a585b3,0,1,1,0,0,0,0,0,0,0,0,1,0,0
505,0x000009aa,0x000009a6,0x26a88533,1,1,1,0,0,0,0,0,0,0,0,1,1,1
506,0x000009aa,0x000009a6,0x26a88533,0,1,1,0,0,0,0,0,0,0,0,1,0,0
507,0x000009ae,0x000009aa,0x28000833,1,1,1,0,0,0,0,0,0,0,0,1,1,1
508,0x000009ae,0x000009aa,0x28000833,0,1,1,0,0,0,1,0,0,0,0,1,0,0
509,0x000009b2,0x000009ae,0xe6f686b3,1,1,1,0,0,0,1,0,0,0,0,1,1,1
510,0x000009b2,0x000009ae,0xe6f686b3,0,1,1,0,0,0,0,0,0,0,0,1,0,0
511,0x000009b6,0x000009b2,0xa6f585b3,1,1,1,0,0,0,0,0,0,0,0,1,1,1
512,0x000009b6,0x000009b2,0xa6f585b3,0,1,1,0,0,0,0,0,0,0,0,1,0,0
513,0x000009ba,0x000009b6,0x66f50533,1,1,1,0,0,0,0,0,0,0,0,1,1,1
514,0x000009ba,0x000009b6,0x66f50533,0,1,1,0,0,0,0,0,0,0,0,1,0,0
515,0x000009be,0x000009ba,0x680007b3,1,1,1,0,0,0,0,0,0,0,0,1,1,1
516,0x000009be,0x000009ba,0x680007b3,0,1,1,0,0,0,1,0,0,0,0,1,0,0
517,0x000009c2,0x000009be,0xe69585b3,1,1,1,0,0,0,1,0,0,0,0,1,1,1
518,0x000009c2,0x000009be,0xe69585b3,0,1,1,0,0,0,0,0,0,0,0,1,0,0
519,0x000009c6,0x000009c2,0xa6950533,1,1,1,0,0,0,0,0,0,0,0,1,1,1
520,0x000009c6,0x000009c2,0xa6950533,0,1,1,0,0,0,0,0,0,0,0,1,0,0
521,0x000009ca,0x000009c6,0xa80004b3,1,1,1,0,0,0,0,0,0,0,0,1,1,1
522,0x000009ca,0x000009c6,0xa80004b3,0,1,1,0,0,0,1,0,0,0,0,1,0,0
523,0x000009ce,0x000009ca,0xe6850533,1,1,1,0,0,0,1,0,0,0,0,1,1,1
524,0x000009ce,0x000009ca,0xe6850533,0,1,1,0,0,0,0,0,0,0,0,1,0,0
525,0x000009d2,0x000009ce,0xe80008b3,1,1,1,0,0,0,0,0,0,0,0,1,1,1
526,0x000009d2,0x000009ce,0xe80008b3,0,1,1,0,0,0,1,0,0,0,0,1,0,0
527,0x000009d6,0x000009d2,0x26e80433,1,1,1,0,0,0,1,0,0,0,0,1,1,1
528,0x000009d6,0x000009d2,0x26e80433,0,1,1,0,0,0,0,0,0,0,0,1,0,0
529,0x000009da,0x000009d6,0x20000033,1,1,1,0,0,0,0,0,0,0,0,1,1,1
530,0x000009da,0x000009d6,0x20000033,0,1,1,0,0,0,1,0,0,0,0,1,0,0
531,0x000009de,0x000009da,0x66d40433,1,1,1,0,0,0,1,0,0,0,0,1,1,1
532,0x000009de,0x000009da,0x66d40433,0,1,1,0,0,0,0,0,0,0,0,1,0,0
533,0x000009e2,0x000009de,0x26d787b3,1,1,1,0,0,0,0,0,0,0,0,1,1,1
534,0x000009e2,0x000009de,0x26d787b3,0,1,1,0,0,0,0,0,0,0,0,1,0,0
535,0x000009e6,0x000009e2,0xa6b40433,1,1,1,0,0,0,0,0,0,0,0,1,1,1
536,0x000009e6,0x000009e2,0xa6b40433,0,1,1,0,0,0,0,0,0,0,0,1,0,0
537,0x000009ea,0x000009e6,0x66b787b3,1,1,1,0,0,0,0,0,0,0,0,1,1,1
538,0x000009ea,0x000009e6,0x66b787b3,0,1,1,0,0,0,0,0,0,0,0,1,0,0
539,0x000009ee,0x000009ea,0x26b484b3,1,1,1,0,0,0,0,0,0,0,0,1,1,1
540,0x000009ee,0x000009ea,0x26b484b3,0,1,1,0,0,0,0,0,0,0,0,1,0,0
541,0x000009f2,0x000009ee,0xe6a40433,1,1,1,0,0,0,0,0,0,0,0,1,1,1
542,0x000009f2,0x000009ee,0xe6a40433,0,1,1,0,0,0,0,0,0,0,0,1,0,0
543,0x000009f6,0x000009f2,0xa6a787b3,1,1,1,0,0,0,0,0,0,0,0,1,1,1
544,0x000009f6,0x000009f2,0xa6a787b3,0,1,1,0,0,0,0,0,0,0,0,1,0,0
545,0x000009fa,0x000009f6,0x66a484b3,1,1,1,0,0,0,0,0,0,0,0,1,1,1
546,0x000009fa,0x000009f6,0x66a484b3,0,1,1,0,0,0,0,0,0,0,0,1,0,0
547,0x000009fe,0x000009fa,0x26a88533,1,1,1,0,0,0,0,0,0,0,0,1,1,1
548,0x000009fe,0x000009fa,0x26a88533,0,1,1,0,0,0,0,0,0,0,0,1,0,0
549,0x00000a02,0x000009fe,0x28000833,1,1,1,0,0,0,0,0,0,0,0,1,1,1
550,0x00000a02,0x000009fe,0x28000833,0,1,1,0,0,0,1,0,0,0,0,1,0,0
551,0x00000a06,0x00000a02,0xe6e787b3,1,1,1,0,0,0,1,0,0,0,0,1,1,1
552,0x00000a06,0x00000a02,0xe6e787b3,0,1,1,0,0,0,0,0,0,0,0,1,0,0
553,0x00000a0a,0x00000a06,0xa6e484b3,1,1,1,0,0,0,0,0,0,0,0,1,1,1
554,0x00000a0a,0x00000a06,0xa6e484b3,0,1,1,0,0,0,0,0,0,0,0,1,0,0
555,0x00000a0e,0x00000a0a,0x66e50533,1,1,1,0,0,0,0,0,0,0,0,1,1,1
556,0x00000a0e,0x00000a0a,0x66e50533,0,1,1,0,0,0,0,0,0,0,0,1,0,0
557,0x00000a12,0x00000a0e,0x68000733,1,1,1,0,0,0,0,0,0,0,0,1,1,1
558,0x00000a12,0x00000a0e,0x68000733,0,1,1,0,0,0,1,0,0,0,0,1,0,0
559,0x00000a16,0x00000a12,0xe6d484b3,1,1,1,0,0,0,1,0,0,0,0,1,1,1
560,0x00000a16,0x00000a12,0xe6d484b3,0,1,1,0,0,0,0,0,0,0,0,1,0,0
561,0x00000a1a,0x00000a16,0xa6d50533,1,1,1,0,0,0,0,0,0,0,0,1,1,1
562,0x00000a1a,0x00000a16,0xa6d50533,0,1,1,0,0,0,0,0,0,0,0,1,0,0
563,0x00000a1e,0x00000a1a,0xa80006b3,1,1,1,0,0,0,0,0,0,0,0,1,1,1
564,0x00000a1e,0x00000a1a,0xa80006b3,0,1,1,0,0,0,1,0,0,0,0,1,0,0
565,0x00000a22,0x00000a1e,0xe6b50533,1,1,1,0,0,0,1,0,0,0,0,1,1,1
566,0x00000a22,0x00000a1e,0xe6b50533,0,1,1,0,0,0,0,0,0,0,0,1,0,0
567,0x00000a26,0x00000a22,0xe80008b3,1,1,1,0,0,0,0,0,0,0,0,1,1,1
568,0x00000a26,0x00000a22,0xe80008b3,0,1,1,0,0,0,1,0,0,0,0,1,0,0
569,0x00000a2a,0x00000a26,0x228805b3,1,1,1,0,0,0,1,0,0,0,0,1,1,1
570,0x00000a2a,0x00000a26,0x228805b3,0,1,1,0,0,0,0,0,0,0,0,1,0,0
571,0x00000a2e,0x00000a2a,0x62f585b3,1,1,1,0,0,0,0,0,0,0,0,1,1,1
572,0x00000a2e,0x00000a2a,0x62f585b3,0,1,1,0,0,0,0,0,0,0,0,1,0,0
573,0x00000a32,0x00000a2e,0x22f70733,1,1,1,0,0,0,0,0,0,0,0,1,1,1
574,0x00000a32,0x00000a2e,0x22f70733,0,1,1,0,0,0,0,0,0,0,0,1,0,0
575,0x00000a36,0x00000a32,0xa29585b3,1,1,1,0,0,0,0,0,0,0,0,1,1,1
576,0x00000a36,0x00000a32,0xa29585b3,0,1,1,0,0,0,0,0,0,0,0,1,0,0
577,0x00000a3a,0x00000a36,0x62970733,1,1,1,0,0,0,0,0,0,0,0,1,1,1
578,0x00000a3a,0x00000a36,0x62970733,0,1,1,0,0,0,0,0,0,0,0,1,0,0
579,0x00000a3e,0x00000a3a,0x229686b3,1,1,1,0,0,0,0,0,0,0,0,1,1,1
580,0x00000a3e,0x00000a3a,0x229686b3,0,1,1,0,0,0,0,0,0,0,0,1,0,0
581,0x00000a42,0x00000a3e,0xe2a585b3,1,1,1,0,0,0,0,0,0,0,0,1,1,1
582,0x00000a42,0x00000a3e,0xe2a585b3,0,1,1,0,0,0,0,0,0,0,0,1,0,0
583,0x00000a46,0x00000a42,0xa2a70733,1,1,1,0,0,0,0,0,0,0,0,1,1,1
584,0x00000a46,0x00000a42,0xa2a70733,0,1,1,0,0,0,0,0,0,0,0,1,0,0
585,0x00000a4a,0x00000a46,0x62a686b3,1,1,1,0,0,0,0,0,0,0,0,1,1,1
586,0x00000a4a,0x00000a46,0x62a686b3,0,1,1,0,0,0,0,0,0,0,0,1,0,0
587,0x00000a4e,0x00000a4a,0x22a88533,1,1,1,0,0,0,0,0,0,0,0,1,1,1
588,0x00000a4e,0x00000a4a,0x22a88533,0,1,1,0,0,0,0,0,0,0,0,1,0,0
589,0x00000a52,0x00000a4e,0xe2870733,1,1,1,0,0,0,0,0,0,0,0,1,1,1
590,0x00000a52,0x00000a4e,0xe2870733,0,1,1,0,0,0,0,0,0,0,0,1,0,0
591,0x00000a56,0x00000a52,0xa28686b3,1,1,1,0,0,0,0,0,0,0,0,1,1,1
592,0x00000a56,0x00000a52,0xa28686b3,0,1,1,0,0,0,0,0,0,0,0,1,0,0
593,0x00000a5a,0x00000a56,0x62850533,1,1,1,0,0,0,0,0,0,0,0,1,1,1
594,0x00000a5a,0x00000a56,0x62850533,0,1,1,0,0,0,0,0,0,0,0,1,0,0
595,0x00000a5e,0x00000a5a,0x0185d813,1,1,1,0,0,0,0,0,0,0,0,1,1,1
596,0x00000a5e,0x00000a5a,0x0185d813,0,1,1,0,0,0,0,0,0,0,0,1,0,0
597,0x00000a62,0x00000a5e,0x0105d413,1,1,1,0,0,0,0,0,0,0,0,1,1,1
598,0x00000a62,0x00000a5e,0x0105d413,0,1,1,0,0,0,0,0,0,0,0,1,0,0
599,0x00000a66,0x00000a62,0xe2f686b3,1,1,1,0,0,0,0,0,0,0,0,1,1,1
600,0x00000a66,0x00000a62,0xe2f686b3,0,1,1,0,0,0,0,0,0,0,0,1,0,0
601,0x00000a6a,0x00000a66,0xa2f50533,1,1,1,0,0,0,0,0,0,0,0,1,1,1
602,0x00000a6a,0x00000a66,0xa2f50533,0,1,1,0,0,0,0,0,0,0,0,1,0,0
603,0x00000a6e,0x00000a6a,0x0085d793,1,1,1,0,0,0,0,0,0,0,0,1,1,1
604,0x00000a6e,0x00000a6a,0x0085d793,0,1,1,0,0,0,0,0,0,0,0,1,0,0
605,0x00000a72,0x00000a6e,0x00b60023,1,1,1,0,0,0,0,0,0,0,0,1,1,1
606,0x00000a72,0x00000a6e,0x00b60023,0,1,1,0,0,0,0,0,1,1,0,1,0,0
607,0x00000a76,0x00000a72,0x00f600a3,1,1,1,0,0,0,0,0,0,0,1,1,1,1
608,0x00000a76,0x00000a72,0x00f600a3,0,1,1,0,0,0,0,0,1,1,0,1,0,0
609,0x00000a7a,0x00000a76,0x00860123,1,1,1,0,0,0,0,0,0,0,1,1,1,1
610,0x00000a7a,0x00000a76,0x00860123,0,1,1,0,0,0,0,0,1,1,0,1,0,0
611,0x00000a7e,0x00000a7a,0x010601a3,1,1,1,0,0,0,0,0,0,0,1,1,1,1
612,0x00000a7e,0x00000a7a,0x010601a3,0,1,1,0,0,0,0,0,1,1,0,1,0,0
613,0x00000a82,0x00000a7e,0x01875593,1,1,1,0,0,0,0,0,0,0,1,1,1,1
614,0x00000a82,0x00000a7e,0x01875593,0,1,1,0,0,0,0,0,0,0,0,1,0,0
615,0x00000a86,0x00000a82,0x01075793,1,1,1,0,0,0,0,0,0,0,0,1,1,1
616,0x00000a86,0x00000a82,0x01075793,0,1,1,0,0,0,0,0,0,0,0,1,0,0
617,0x00000a8a,0x00000a86,0x00875413,1,1,1,0,0,0,0,0,0,0,0,1,1,1
618,0x00000a8a,0x00000a86,0x00875413,0,1,1,0,0,0,0,0,0,0,0,1,0,0
619,0x00000a8e,0x00000a8a,0xe2950533,1,1,1,0,0,0,0,0,0,0,0,1,1,1
620,0x00000a8e,0x00000a8a,0xe2950533,0,1,1,0,0,0,0,0,0,0,0,1,0,0
621,0x00000a92,0x00000a8e,0x00e60223,1,1,1,0,0,0,0,0,0,0,0,1,1,1
622,0x00000a92,0x00000a8e,0x00e60223,0,1,1,0,0,0,0,0,1,1,0,1,0,0
623,0x00000a96,0x00000a92,0x008602a3,1,1,1,0,0,0,0,0,0,0,1,1,1,1
624,0x00000a96,0x00000a92,0x008602a3,0,1,1,0,0,0,0,0,1,1,0,1,0,0
625,0x00000a9a,0x00000a96,0x00f60323,1,1,1,0,0,0,0,0,0,0,1,1,1,1
626,0x00000a9a,0x00000a96,0x00f60323,0,1,1,0,0,0,0,0,1,1,0,1,0,0
627,0x00000a9e,0x00000a9a,0x00b603a3,1,1,1,0,0,0,0,0,0,0,1,1,1,1
628,0x00000a9e,0x00000a9a,0x00b603a3,0,1,1,0,0,0,0,0,1,1,0,1,0,0
629,0x00000aa2,0x00000a9e,0x0186d593,1,1,1,0,0,0,0,0,0,0,1,1,1,1
630,0x00000aa2,0x00000a9e,0x0186d593,0,1,1,0,0,0,0,0,0,0,0,1,0,0
631,0x00000aa6,0x00000aa2,0x0106d713,1,1,1,0,0,0,0,0,0,0,0,1,1,1
632,0x00000aa6,0x00000aa2,0x0106d713,0,1,1,0,0,0,0,0,0,0,0,1,0,0
633,0x00000aaa,0x00000aa6,0x0086d793,1,1,1,0,0,0,0,0,0,0,0,1,1,1
634,0x00000aaa,0x00000aa6,0x0086d793,0,1,1,0,0,0,0,0,0,0,0,1,0,0
635,0x00000aae,0x00000aaa,0x00d60423,1,1,1,0,0,0,0,0,0,0,0,1,1,1
636,0x00000aae,0x00000aaa,0x00d60423,0,1,1,0,0,0,0,0,1,1,0,1,0,0
637,0x00000ab2,0x00000aae,0x00f604a3,1,1,1,0,0,0,0,0,0,0,1,1,1,1
638,0x00000ab2,0x00000aae,0x00f604a3,0,1,1,0,0,0,0,0,1,1,0,1,0,0
639,0x00000ab6,0x00000ab2,0x00e60523,1,1,1,0,0,0,0,0,0,0,1,1,1,1
640,0x00000ab6,0x00000ab2,0x00e60523,0,1,1,0,0,0,0,0,1,1,0,1,0,0
641,0x00000aba,0x00000ab6,0x00b605a3,1,1,1,0,0,0,0,0,0,0,1,1,1,1
642,0x00000aba,0x00000ab6,0x00b605a3,0,1,1,0,0,0,0,0,1,1,0,1,0,0
643,0x00000abe,0x00000aba,0x01855593,1,1,1,0,0,0,0,0,0,0,1,1,1,1
644,0x00000abe,0x00000aba,0x01855593,0,1,1,0,0,0,0,0,0,0,0,1,0,0
645,0x00000ac2,0x00000abe,0x01055693,1,1,1,0,0,0,0,0,0,0,0,1,1,1
646,0x00000ac2,0x00000abe,0x01055693,0,1,1,0,0,0,0,0,0,0,0,1,0,0
647,0x00000ac6,0x00000ac2,0x00855713,1,1,1,0,0,0,0,0,0,0,0,1,1,1
648,0x00000ac6,0x00000ac2,0x00855713,0,1,1,0,0,0,0,0,0,0,0,1,0,0
649,0x00000aca,0x00000ac6,0x00a60623,1,1,1,0,0,0,0,0,0,0,0,1,1,1
650,0x00000aca,0x00000ac6,0x00a60623,0,1,1,0,0,0,0,0,1,1,0,1,0,0
651,0x00000ace,0x00000aca,0x00e606a3,1,1,1,0,0,0,0,0,0,0,1,1,1,1
652,0x00000ace,0x00000aca,0x00e606a3,0,1,1,0,0,0,0,0,1,1,0,1,0,0
653,0x00000ad2,0x00000ace,0x00d60723,1,1,1,0,0,0,0,0,0,0,1,1,1,1
654,0x00000ad2,0x00000ace,0x00d60723,0,1,1,0,0,0,0,0,1,1,0,1,0,0
655,0x00000ad6,0x00000ad2,0x00b607a3,1,1,1,0,0,0,0,0,0,0,1,1,1,1
656,0x00000ad6,0x00000ad2,0x00b607a3,0,1,1,0,0,0,0,0,1,1,0,1,0,0
657,0x00000ad8,0x00000ad6,0x01c12403,1,1,1,0,0,0,0,0,0,0,1,1,0,1
658,0x00000ada,0x00000ad8,0x01812483,1,1,1,0,0,0,0,0,1,1,0,1,0,1
659,0x00000adc,0x00000ada,0x01412903,1,0,0,0,0,0,0,0,1,0,0,1,0,1
660,0x00000adc,0x00000ada,0x01412903,1,1,1,0,0,0,0,0,1,1,1,1,0,1
661,0x00000ade,0x00000adc,0x01012983,1,0,0,0,0,0,0,0,1,0,0,1,0,1
662,0x00000ade,0x00000adc,0x01012983,1,1,1,0,0,0,0,0,1,1,1,1,0,1
663,0x00000ae0,0x00000ade,0x00c12a03,1,0,0,0,0,0,0,0,1,0,0,1,0,1
664,0x00000ae0,0x00000ade,0x00c12a03,1,1,1,0,0,0,0,0,1,1,1,0,0,1
665,0x00000ae2,0x00000ae0,0x00812a83,1,0,0,0,0,0,0,0,1,0,0,1,0,1
666,0x00000ae2,0x00000ae0,0x00812a83,1,1,1,0,0,0,0,0,1,1,1,1,0,1
667,0x00000ae4,0x00000ae2,0x00412b03,1,0,0,0,0,0,0,0,1,0,0,1,0,1
668,0x00000ae4,0x00000ae2,0x00412b03,1,1,1,0,0,0,0,0,1,1,1,0,0,1
669,0x00000ae6,0x00000ae4,0x00012b83,1,0,0,0,0,0,0,0,1,0,0,1,0,1
670,0x00000ae6,0x00000ae4,0x00012b83,1,1,1,0,0,0,0,0,1,1,1,1,0,1
671,0x00000ae8,0x00000ae6,0x02010113,1,0,0,0,0,0,0,0,1,0,0,1,0,1
672,0x00000ae8,0x00000ae6,0x02010113,1,1,1,0,0,0,0,0,1,1,1,0,0,1
673,0x00000aea,0x00000ae8,0x00008067,1,0,0,0,0,0,0,1,0,0,0,1,0,1
674,0x00000b62,0x00000ae8,0x00008067,1,1,1,0,0,0,0,0,0,0,1,1,1,1
675,0x00000b62,0x00000ae8,0x00008067,0,1,1,0,0,0,0,0,0,0,0,1,0,0
676,0x00000b62,0x00000ae8,0x00008067,0,1,1,0,0,0,0,0,0,0,0,1,1,0
677,0x00000b62,0x00000ae8,0x00008067,0,1,1,0,0,0,0,0,0,0,0,1,0,0
678,0x00000b66,0x00000b62,0xfba51537,1,1,1,0,0,0,0,0,0,0,0,1,1,1
679,0x00000b66,0x00000b62,0xfba51537,0,1,1,0,0,0,0,0,0,0,0,1,0,0
680,0x00000b6a,0x00000b66,0x714bf5b7,1,1,1,0,0,0,0,0,0,0,0,1,1,1
681,0x00000b6a,0x00000b66,0x714bf5b7,0,1,1,0,0,0,0,0,0,0,0,1,0,0
682,0x00000b6e,0x00000b6a,0x2e25b637,1,1,1,0,0,0,0,0,0,0,0,1,1,1
683,0x00000b6e,0x00000b6a,0x2e25b637,0,1,1,0,0,0,0,0,0,0,0,1,0,0
684,0x00000b72,0x00000b6e,0xaaf916b7,1,1,1,0,0,0,0,0,0,0,0,1,1,1
685,0x00000b72,0x00000b6e,0xaaf916b7,0,1,1,0,0,0,0,0,0,0,0,1,0,0
686,0x00000b76,0x00000b72,0x91450513,1,1,1,0,0,0,0,0,0,0,0,1,1,1
687,0x00000b76,0x00000b72,0x91450513,0,1,1,0,0,0,0,0,0,0,0,1,0,0
688,0x00000b7a,0x00000b76,0x41f58593,1,1,1,0,0,0,0,0,0,0,0,1,1,1
689,0x00000b7a,0x00000b76,0x41f58593,0,1,1,0,0,0,0,0,0,0,0,1,0,0
690,0x00000b7e,0x00000b7a,0xabe60613,1,1,1,0,0,0,0,0,0,0,0,1,1,1
691,0x00000b7e,0x00000b7a,0xabe60613,0,1,1,0,0,0,0,0,0,0,0,1,0,0
692,0x00000b82,0x00000b7e,0x80f68693,1,1,1,0,0,0,0,0,0,0,0,1,1,1
693,0x00000b82,0x00000b7e,0x80f68693,0,1,1,0,0,0,0,0,0,0,0,1,0,0
694,0x00000b84,0x00000b82,0x02a42823,1,1,1,0,0,0,0,0,0,0,0,1,0,1
695,0x00000b86,0x00000b84,0x02b42a23,1,1,1,0,0,0,0,0,1,1,0,1,0,1
696,0x00000b88,0x00000b86,0x02c42c23,1,1,1,0,0,0,0,0,1,1,1,1,0,1
697,0x00000b8a,0x00000b88,0x02d42e23,1,1,1,0,0,0,0,0,1,1,1,1,0,1
698,0x00000b8c,0x00000b8a,0x00412503,1,1,1,0,0,0,0,0,1,1,1,1,0,1
699,0x00000b8e,0x00000b8c,0x04a42023,1,0,1,1,0,0,0,0,1,1,1,1,0,1
700,0x00000b8e,0x00000b8c,0x04a42023,1,0,0,1,0,0,0,0,0,0,0,1,0,1
701,0x00000b8e,0x00000b8c,0x04a42023,1,1,1,0,0,0,0,0,0,0,1,1,0,1
702,0x00000b90,0x00000b8e,0x00812503,1,1,1,0,0,0,0,0,1,1,0,0,0,1
703,0x00000b92,0x00000b90,0x04a42223,1,0,1,1,0,0,0,0,1,1,1,1,0,1
704,0x00000b92,0x00000b90,0x04a42223,1,0,0,1,0,0,0,0,0,0,0,1,0,1
705,0x00000b92,0x00000b90,0x04a42223,1,1,1,0,0,0,0,0,0,0,1,1,0,1
706,0x00000b94,0x00000b92,0x00c12503,1,1,1,0,0,0,0,0,1,1,0,0,0,1
707,0x00000b96,0x00000b94,0x04a42423,1,0,1,1,0,0,0,0,1,1,1,1,0,1
708,0x00000b96,0x00000b94,0x04a42423,1,0,0,1,0,0,0,0,0,0,0,1,0,1
709,0x00000b96,0x00000b94,0x04a42423,1,1,1,0,0,0,0,0,0,0,1,1,0,1
710,0x00000b98,0x00000b96,0x01012583,1,1,1,0,0,0,0,0,1,1,0,0,0,1
711,0x00000b9a,0x00000b98,0x01000513,1,1,1,0,0,0,0,0,1,1,1,1,0,1
712,0x00000b9e,0x00000b9a,0x00100637,1,0,0,0,0,0,0,0,0,0,0,1,1,1
713,0x00000b9e,0x00000b9a,0x00100637,1,1,1,0,0,0,0,0,0,0,1,1,0,1
714,0x00000ba2,0x00000b9e,0x11060613,1,1,1,0,0,0,0,0,0,0,0,1,1,1
715,0x00000ba2,0x00000b9e,0x11060613,0,1,1,0,0,0,0,0,0,0,0,1,0,0
716,0x00000ba6,0x00000ba2,0xbaaab6b7,1,1,1,0,0,0,0,0,0,0,0,1,1,1
717,0x00000ba6,0x00000ba2,0xbaaab6b7,0,1,1,0,0,0,0,0,0,0,0,1,0,0
718,0x00000ba8,0x00000ba6,0x04b42623,1,1,1,0,0,0,0,0,0,0,0,1,0,1
719,0x00000bac,0x00000ba8,0xcafec737,1,1,1,0,0,0,0,0,1,1,0,1,0,1
720,0x00000bb0,0x00000bac,0xaad68593,1,1,1,0,0,0,0,0,0,0,1,1,1,1
721,0x00000bb0,0x00000bac,0xaad68593,0,1,1,0,0,0,0,0,0,0,0,1,0,0
722,0x00000bb4,0x00000bb0,0xabe70693,1,1,1,0,0,0,0,0,0,0,0,1,1,1
723,0x00000bb4,0x00000bb0,0xabe70693,0,1,1,0,0,0,0,0,0,0,0,1,0,0
724,0x00000bb8,0x00000bb4,0x0004c703,1,1,1,0,0,0,0,0,0,0,0,1,1,1
725,0x00000bb8,0x00000bb4,0x0004c703,0,1,1,0,0,0,0,0,1,1,0,1,0,0
726,0x00000bbc,0x00000bb8,0x00064783,1,0,0,0,0,0,0,0,0,0,0,1,1,1
727,0x00000bbc,0x00000bb8,0x00064783,1,1,1,0,0,0,0,0,0,0,1,1,0,1
728,0x00000bc0,0x00000bbc,0x00f71763,1,0,1,1,0,0,0,0,1,1,0,1,1,1
729,0x00000bc0,0x00000bbc,0x00f71763,1,0,0,1,0,0,0,0,0,0,0,1,0,1
730,0x00000bc0,0x00000bbc,0x00f71763,1,1,1,0,0,0,0,0,0,0,1,1,0,1
731,0x00000bc2,0x00000bc0,0xfff50513,1,1,1,0,0,0,0,0,0,0,0,1,0,1
732,0x00000bc4,0x00000bc2,0x00160613,1,1,1,0,0,0,0,0,0,0,0,1,0,1
733,0x00000bc6,0x00000bc4,0x00148493,1,1,1,0,0,0,0,0,0,0,0,1,0,1
734,0x00000bc8,0x00000bc6,0xfe0517e3,1,1,1,0,0,0,0,0,0,0,0,1,0,1
735,0x00000bca,0x00000bc8,0x00d005b3,0,1,1,0,0,0,1,1,0,0,0,1,0,1
736,0x00000bb4,0x00000bc8,0x00d005b3,0,1,1,0,0,0,1,0,0,0,0,1,1,0
737,0x00000bb4,0x00000bc8,0x00d005b3,0,1,1,0,0,0,1,0,0,0,0,1,0,0
738,0x00000bb8,0x00000bb4,0x0004c703,1,1,1,0,0,0,1,0,0,0,0,1,1,1
739,0x00000bb8,0x00000bb4,0x0004c703,0,1,1,0,0,0,0,0,1,1,0,1,0,0
740,0x00000bbc,0x00000bb8,0x00064783,1,0,0,0,0,0,0,0,0,0,0,1,1,1
741,0x00000bbc,0x00000bb8,0x00064783,1,1,1,0,0,0,0,0,0,0,1,1,0,1
742,0x00000bc0,0x00000bbc,0x00f71763,1,0,1,1,0,0,0,0,1,1,0,1,1,1
743,0x00000bc0,0x00000bbc,0x00f71763,1,0,0,1,0,0,0,0,0,0,0,1,0,1
744,0x00000bc0,0x00000bbc,0x00f71763,1,1,1,0,0,0,0,0,0,0,1,1,0,1
745,0x00000bc2,0x00000bc0,0xfff50513,1,1,1,0,0,0,0,0,0,0,0,1,0,1
746,0x00000bc4,0x00000bc2,0x00160613,1,1,1,0,0,0,0,0,0,0,0,1,0,1
747,0x00000bc6,0x00000bc4,0x00148493,1,1,1,0,0,0,0,0,0,0,0,1,0,1
748,0x00000bc8,0x00000bc6,0xfe0517e3,1,1,1,0,0,0,0,0,0,0,0,1,0,1
749,0x00000bca,0x00000bc8,0x00d005b3,0,1,1,0,0,0,1,1,0,0,0,1,0,1
750,0x00000bb4,0x00000bc8,0x00d005b3,0,1,1,0,0,0,1,0,0,0,0,1,1,0
751,0x00000bb4,0x00000bc8,0x00d005b3,0,1,1,0,0,0,1,0,0,0,0,1,0,0
752,0x00000bb8,0x00000bb4,0x0004c703,1,1,1,0,0,0,1,0,0,0,0,1,1,1
753,0x00000bb8,0x00000bb4,0x0004c703,0,1,1,0,0,0,0,0,1,1,0,1,0,0
754,0x00000bbc,0x00000bb8,0x00064783,1,0,0,0,0,0,0,0,0,0,0,1,1,1
755,0x00000bbc,0x00000bb8,0x00064783,1,1,1,0,0,0,0,0,0,0,1,1,0,1
756,0x00000bc0,0x00000bbc,0x00f71763,1,0,1,1,0,0,0,0,1,1,0,1,1,1
757,0x00000bc0,0x00000bbc,0x00f71763,1,0,0,1,0,0,0,0,0,0,0,1,0,1
758,0x00000bc0,0x00000bbc,0x00f71763,1,1,1,0,0,0,0,0,0,0,1,1,0,1
759,0x00000bc2,0x00000bc0,0xfff50513,1,1,1,0,0,0,0,0,0,0,0,1,0,1
760,0x00000bc4,0x00000bc2,0x00160613,1,1,1,0,0,0,0,0,0,0,0,1,0,1
761,0x00000bc6,0x00000bc4,0x00148493,1,1,1,0,0,0,0,0,0,0,0,1,0,1
762,0x00000bc8,0x00000bc6,0xfe0517e3,1,1,1,0,0,0,0,0,0,0,0,1,0,1
763,0x00000bca,0x00000bc8,0x00d005b3,0,1,1,0,0,0,1,1,0,0,0,1,0,1
764,0x00000bb4,0x00000bc8,0x00d005b3,0,1,1,0,0,0,1,0,0,0,0,1,1,0
765,0x00000bb4,0x00000bc8,0x00d005b3,0,1,1,0,0,0,1,0,0,0,0,1,0,0
766,0x00000bb8,0x00000bb4,0x0004c703,1,1,1,0,0,0,1,0,0,0,0,1,1,1
767,0x00000bb8,0x00000bb4,0x0004c703,0,1,1,0,0,0,0,0,1,1,0,1,0,0
768,0x00000bbc,0x00000bb8,0x00064783,1,0,0,0,0,0,0,0,0,0,0,1,1,1
769,0x00000bbc,0x00000bb8,0x00064783,1,1,1,0,0,0,0,0,0,0,1,1,0,1
770,0x00000bc0,0x00000bbc,0x00f71763,1,0,1,1,0,0,0,0,1,1,0,1,1,1
771,0x00000bc0,0x00000bbc,0x00f71763,1,0,0,1,0,0,0,0,0,0,0,1,0,1
772,0x00000bc0,0x00000bbc,0x00f71763,1,1,1,0,0,0,0,0,0,0,1,1,0,1
773,0x00000bc2,0x00000bc0,0xfff50513,1,1,1,0,0,0,0,0,0,0,0,1,0,1
774,0x00000bc4,0x00000bc2,0x00160613,1,1,1,0,0,0,0,0,0,0,0,1,0,1
775,0x00000bc6,0x00000bc4,0x00148493,1,1,1,0,0,0,0,0,0,0,0,1,0,1
776,0x00000bc8,0x00000bc6,0xfe0517e3,1,1,1,0,0,0,0,0,0,0,0,1,0,1
777,0x00000bca,0x00000bc8,0x00d005b3,0,1,1,0,0,0,1,1,0,0,0,1,0,1
778,0x00000bb4,0x00000bc8,0x00d005b3,0,1,1,0,0,0,1,0,0,0,0,1,1,0
779,0x00000bb4,0x00000bc8,0x00d005b3,0,1,1,0,0,0,1,0,0,0,0,1,0,0
780,0x00000bb8,0x00000bb4,0x0004c703,1,1,1,0,0,0,1,0,0,0,0,1,1,1
781,0x00000bb8,0x00000bb4,0x0004c703,0,1,1,0,0,0,0,0,1,1,0,1,0,0
782,0x00000bbc,0x00000bb8,0x00064783,1,0,0,0,0,0,0,0,0,0,0,1,1,1
783,0x00000bbc,0x00000bb8,0x00064783,1,1,1,0,0,0,0,0,0,0,1,1,0,1
784,0x00000bc0,0x00000bbc,0x00f71763,1,0,1,1,0,0,0,0,1,1,0,1,1,1
785,0x00000bc0,0x00000bbc,0x00f71763,1,0,0,1,0,0,0,0,0,0,0,1,0,1
786,0x00000bc0,0x00000bbc,0x00f71763,1,1,1,0,0,0,0,0,0,0,1,1,0,1
787,0x00000bc2,0x00000bc0,0xfff50513,1,1,1,0,0,0,0,0,0,0,0,1,0,1
788,0x00000bc4,0x00000bc2,0x00160613,1,1,1,0,0,0,0,0,0,0,0,1,0,1
789,0x00000bc6,0x00000bc4,0x00148493,1,1,1,0,0,0,0,0,0,0,0,1,0,1
790,0x00000bc8,0x00000bc6,0xfe0517e3,1,1,1,0,0,0,0,0,0,0,0,1,0,1
791,0x00000bca,0x00000bc8,0x00d005b3,0,1,1,0,0,0,1,1,0,0,0,1,0,1
792,0x00000bb4,0x00000bc8,0x00d005b3,0,1,1,0,0,0,1,0,0,0,0,1,1,0
793,0x00000bb4,0x00000bc8,0x00d005b3,0,1,1,0,0,0,1,0,0,0,0,1,0,0
794,0x00000bb8,0x00000bb4,0x0004c703,1,1,1,0,0,0,1,0,0,0,0,1,1,1
795,0x00000bb8,0x00000bb4,0x0004c703,0,1,1,0,0,0,0,0,1,1,0,1,0,0
796,0x00000bbc,0x00000bb8,0x00064783,1,0,0,0,0,0,0,0,0,0,0,1,1,1
797,0x00000bbc,0x00000bb8,0x00064783,1,1,1,0,0,0,0,0,0,0,1,1,0,1
798,0x00000bc0,0x00000bbc,0x00f71763,1,0,1,1,0,0,0,0,1,1,0,1,1,1
799,0x00000bc0,0x00000bbc,0x00f71763,1,0,0,1,0,0,0,0,0,0,0,1,0,1
800,0x00000bc0,0x00000bbc,0x00f71763,1,1,1,0,0,0,0,0,0,0,1,1,0,1
801,0x00000bc2,0x00000bc0,0xfff50513,1,1,1,0,0,0,0,0,0,0,0,1,0,1
802,0x00000bc4,0x00000bc2,0x00160613,1,1,1,0,0,0,0,0,0,0,0,1,0,1
803,0x00000bc6,0x00000bc4,0x00148493,1,1,1,0,0,0,0,0,0,0,0,1,0,1
804,0x00000bc8,0x00000bc6,0xfe0517e3,1,1,1,0,0,0,0,0,0,0,0,1,0,1
805,0x00000bca,0x00000bc8,0x00d005b3,0,1,1,0,0,0,1,1,0,0,0,1,0,1
806,0x00000bb4,0x00000bc8,0x00d005b3,0,1,1,0,0,0,1,0,0,0,0,1,1,0
807,0x00000bb4,0x00000bc8,0x00d005b3,0,1,1,0,0,0,1,0,0,0,0,1,0,0
808,0x00000bb8,0x00000bb4,0x0004c703,1,1,1,0,0,0,1,0,0,0,0,1,1,1
809,0x00000bb8,0x00000bb4,0x0004c703,0,1,1,0,0,0,0,0,1,1,0,1,0,0
810,0x00000bbc,0x00000bb8,0x00064783,1,0,0,0,0,0,0,0,0,0,0,1,1,1
811,0x00000bbc,0x00000bb8,0x00064783,1,1,1,0,0,0,0,0,0,0,1,1,0,1
812,0x00000bc0,0x00000bbc,0x00f71763,1,0,1,1,0,0,0,0,1,1,0,1,1,1
813,0x00000bc0,0x00000bbc,0x00f71763,1,0,0,1,0,0,0,0,0,0,0,1,0,1
814,0x00000bc0,0x00000bbc,0x00f71763,1,1,1,0,0,0,0,0,0,0,1,1,0,1
815,0x00000bc2,0x00000bc0,0xfff50513,1,1,1,0,0,0,0,0,0,0,0,1,0,1
816,0x00000bc4,0x00000bc2,0x00160613,1,1,1,0,0,0,0,0,0,0,0,1,0,1
817,0x00000bc6,0x00000bc4,0x00148493,1,1,1,0,0,0,0,0,0,0,0,1,0,1
818,0x00000bc8,0x00000bc6,0xfe0517e3,1,1,1,0,0,0,0,0,0,0,0,1,0,1
819,0x00000bca,0x00000bc8,0x00d005b3,0,1,1,0,0,0,1,1,0,0,0,1,0,1
820,0x00000bb4,0x00000bc8,0x00d005b3,0,1,1,0,0,0,1,0,0,0,0,1,1,0
821,0x00000bb4,0x00000bc8,0x00d005b3,0,1,1,0,0,0,1,0,0,0,0,1,0,0
822,0x00000bb8,0x00000bb4,0x0004c703,1,1,1,0,0,0,1,0,0,0,0,1,1,1
823,0x00000bb8,0x00000bb4,0x0004c703,0,1,1,0,0,0,0,0,1,1,0,1,0,0
824,0x00000bbc,0x00000bb8,0x00064783,1,0,0,0,0,0,0,0,0,0,0,1,1,1
825,0x00000bbc,0x00000bb8,0x00064783,1,1,1,0,0,0,0,0,0,0,1,1,0,1
826,0x00000bc0,0x00000bbc,0x00f71763,1,0,1,1,0,0,0,0,1,1,0,1,1,1
827,0x00000bc0,0x00000bbc,0x00f71763,1,0,0,1,0,0,0,0,0,0,0,1,0,1
828,0x00000bc0,0x00000bbc,0x00f71763,1,1,1,0,0,0,0,0,0,0,1,1,0,1
829,0x00000bc2,0x00000bc0,0xfff50513,1,1,1,0,0,0,0,0,0,0,0,1,0,1
830,0x00000bc4,0x00000bc2,0x00160613,1,1,1,0,0,0,0,0,0,0,0,1,0,1
831,0x00000bc6,0x00000bc4,0x00148493,1,1,1,0,0,0,0,0,0,0,0,1,0,1
832,0x00000bc8,0x00000bc6,0xfe0517e3,1,1,1,0,0,0,0,0,0,0,0,1,0,1
833,0x00000bca,0x00000bc8,0x00d005b3,0,1,1,0,0,0,1,1,0,0,0,1,0,1
834,0x00000bb4,0x00000bc8,0x00d005b3,0,1,1,0,0,0,1,0,0,0,0,1,1,0
835,0x00000bb4,0x00000bc8,0x00d005b3,0,1,1,0,0,0,1,0,0,0,0,1,0,0
836,0x00000bb8,0x00000bb4,0x0004c703,1,1,1,0,0,0,1,0,0,0,0,1,1,1
837,0x00000bb8,0x00000bb4,0x0004c703,0,1,1,0,0,0,0,0,1,1,0,1,0,0
838,0x00000bbc,0x00000bb8,0x00064783,1,0,0,0,0,0,0,0,0,0,0,1,1,1
839,0x00000bbc,0x00000bb8,0x00064783,1,1,1,0,0,0,0,0,0,0,1,1,0,1
840,0x00000bc0,0x00000bbc,0x00f71763,1,0,1,1,0,0,0,0,1,1,0,1,1,1
841,0x00000bc0,0x00000bbc,0x00f71763,1,0,0,1,0,0,0,0,0,0,0,1,0,1
842,0x00000bc0,0x00000bbc,0x00f71763,1,1,1,0,0,0,0,0,0,0,1,1,0,1
843,0x00000bc2,0x00000bc0,0xfff50513,1,1,1,0,0,0,0,0,0,0,0,1,0,1
844,0x00000bc4,0x00000bc2,0x00160613,1,1,1,0,0,0,0,0,0,0,0,1,0,1
845,0x00000bc6,0x00000bc4,0x00148493,1,1,1,0,0,0,0,0,0,0,0,1,0,1
846,0x00000bc8,0x00000bc6,0xfe0517e3,1,1,1,0,0,0,0,0,0,0,0,1,0,1
847,0x00000bca,0x00000bc8,0x00d005b3,0,1,1,0,0,0,1,1,0,0,0,1,0,1
848,0x00000bb4,0x00000bc8,0x00d005b3,0,1,1,0,0,0,1,0,0,0,0,1,1,0
849,0x00000bb4,0x00000bc8,0x00d005b3,0,1,1,0,0,0,1,0,0,0,0,1,0,0
850,0x00000bb8,0x00000bb4,0x0004c703,1,1,1,0,0,0,1,0,0,0,0,1,1,1
851,0x00000bb8,0x00000bb4,0x0004c703,0,1,1,0,0,0,0,0,1,1,0,1,0,0
852,0x00000bbc,0x00000bb8,0x00064783,1,0,0,0,0,0,0,0,0,0,0,1,1,1
853,0x00000bbc,0x00000bb8,0x00064783,1,1,1,0,0,0,0,0,0,0,1,1,0,1
854,0x00000bc0,0x00000bbc,0x00f71763,1,0,1,1,0,0,0,0,1,1,0,1,1,1
855,0x00000bc0,0x00000bbc,0x00f71763,1,0,0,1,0,0,0,0,0,0,0,1,0,1
856,0x00000bc0,0x00000bbc,0x00f71763,1,1,1,0,0,0,0,0,0,0,1,1,0,1
857,0x00000bc2,0x00000bc0,0xfff50513,1,1,1,0,0,0,0,0,0,0,0,1,0,1
858,0x00000bc4,0x00000bc2,0x00160613,1,1,1,0,0,0,0,0,0,0,0,1,0,1
859,0x00000bc6,0x00000bc4,0x00148493,1,1,1,0,0,0,0,0,0,0,0,1,0,1
860,0x00000bc8,0x00000bc6,0xfe0517e3,1,1,1,0,0,0,0,0,0,0,0,1,0,1
861,0x00000bca,0x00000bc8,0x00d005b3,0,1,1,0,0,0,1,1,0,0,0,1,0,1
862,0x00000bb4,0x00000bc8,0x00d005b3,0,1,1,0,0,0,1,0,0,0,0,1,1,0
863,0x00000bb4,0x00000bc8,0x00d005b3,0,1,1,0,0,0,1,0,0,0,0,1,0,0
864,0x00000bb8,0x00000bb4,0x0004c703,1,1,1,0,0,0,1,0,0,0,0,1,1,1
865,0x00000bb8,0x00000bb4,0x0004c703,0,1,1,0,0,0,0,0,1,1,0,1,0,0
866,0x00000bbc,0x00000bb8,0x00064783,1,0,0,0,0,0,0,0,0,0,0,1,1,1
867,0x00000bbc,0x00000bb8,0x00064783,1,1,1,0,0,0,0,0,0,0,1,1,0,1
868,0x00000bc0,0x00000bbc,0x00f71763,1,0,1,1,0,0,0,0,1,1,0,1,1,1
869,0x00000bc0,0x00000bbc,0x00f71763,1,0,0,1,0,0,0,0,0,0,0,1,0,1
870,0x00000bc0,0x00000bbc,0x00f71763,1,1,1,0,0,0,0,0,0,0,1,1,0,1
871,0x00000bc2,0x00000bc0,0xfff50513,1,1,1,0,0,0,0,0,0,0,0,1,0,1
872,0x00000bc4,0x00000bc2,0x00160613,1,1,1,0,0,0,0,0,0,0,0,1,0,1
873,0x00000bc6,0x00000bc4,0x00148493,1,1,1,0,0,0,0,0,0,0,0,1,0,1
874,0x00000bc8,0x00000bc6,0xfe0517e3,1,1,1,0,0,0,0,0,0,0,0,1,0,1
875,0x00000bca,0x00000bc8,0x00d005b3,0,1,1,0,0,0,1,1,0,0,0,1,0,1
876,0x00000bb4,0x00000bc8,0x00d005b3,0,1,1,0,0,0,1,0,0,0,0,1,1,0
877,0x00000bb4,0x00000bc8,0x00d005b3,0,1,1,0,0,0,1,0,0,0,0,1,0,0
878,0x00000bb8,0x00000bb4,0x0004c703,1,1,1,0,0,0,1,0,0,0,0,1,1,1
879,0x00000bb8,0x00000bb4,0x0004c703,0,1,1,0,0,0,0,0,1,1,0,1,0,0
880,0x00000bbc,0x00000bb8,0x00064783,1,0,0,0,0,0,0,0,0,0,0,1,1,1
881,0x00000bbc,0x00000bb8,0x00064783,1,1,1,0,0,0,0,0,0,0,1,1,0,1
882,0x00000bc0,0x00000bbc,0x00f71763,1,0,1,1,0,0,0,0,1,1,0,1,1,1
883,0x00000bc0,0x00000bbc,0x00f71763,1,0,0,1,0,0,0,0,0,0,0,1,0,1
884,0x00000bc0,0x00000bbc,0x00f71763,1,1,1,0,0,0,0,0,0,0,1,1,0,1
885,0x00000bc2,0x00000bc0,0xfff50513,1,1,1,0,0,0,0,0,0,0,0,1,0,1
886,0x00000bc4,0x00000bc2,0x00160613,1,1,1,0,0,0,0,0,0,0,0,1,0,1
887,0x00000bc6,0x00000bc4,0x00148493,1,1,1,0,0,0,0,0,0,0,0,1,0,1
888,0x00000bc8,0x00000bc6,0xfe0517e3,1,1,1,0,0,0,0,0,0,0,0,1,0,1
889,0x00000bca,0x00000bc8,0x00d005b3,0,1,1,0,0,0,1,1,0,0,0,1,0,1
890,0x00000bb4,0x00000bc8,0x00d005b3,0,1,1,0,0,0,1,0,0,0,0,1,1,0
891,0x00000bb4,0x00000bc8,0x00d005b3,0,1,1,0,0,0,1,0,0,0,0,1,0,0
892,0x00000bb8,0x00000bb4,0x0004c703,1,1,1,0,0,0,1,0,0,0,0,1,1,1
893,0x00000bb8,0x00000bb4,0x0004c703,0,1,1,0,0,0,0,0,1,1,0,1,0,0
894,0x00000bbc,0x00000bb8,0x00064783,1,0,0,0,0,0,0,0,0,0,0,1,1,1
895,0x00000bbc,0x00000bb8,0x00064783,1,1,1,0,0,0,0,0,0,0,1,1,0,1
896,0x00000bc0,0x00000bbc,0x00f71763,1,0,1,1,0,0,0,0,1,1,0,1,1,1
897,0x00000bc0,0x00000bbc,0x00f71763,1,0,0,1,0,0,0,0,0,0,0,1,0,1
898,0x00000bc0,0x00000bbc,0x00f71763,1,1,1,0,0,0,0,0,0,0,1,1,0,1
899,0x00000bc2,0x00000bc0,0xfff50513,1,1,1,0,0,0,0,0,0,0,0,1,0,1
900,0x00000bc4,0x00000bc2,0x00160613,1,1,1,0,0,0,0,0,0,0,0,1,0,1
901,0x00000bc6,0x00000bc4,0x00148493,1,1,1,0,0,0,0,0,0,0,0,1,0,1
902,0x00000bc8,0x00000bc6,0xfe0517e3,1,1,1,0,0,0,0,0,0,0,0,1,0,1
903,0x00000bca,0x00000bc8,0x00d005b3,0,1,1,0,0,0,1,1,0,0,0,1,0,1
904,0x00000bb4,0x00000bc8,0x00d005b3,0,1,1,0,0,0,1,0,0,0,0,1,1,0
905,0x00000bb4,0x00000bc8,0x00d005b3,0,1,1,0,0,0,1,0,0,0,0,1,0,0
906,0x00000bb8,0x00000bb4,0x0004c703,1,1,1,0,0,0,1,0,0,0,0,1,1,1
907,0x00000bb8,0x00000bb4,0x0004c703,0,1,1,0,0,0,0,0,1,1,0,1,0,0
908,0x00000bbc,0x00000bb8,0x00064783,1,0,0,0,0,0,0,0,0,0,0,1,1,1
909,0x00000bbc,0x00000bb8,0x00064783,1,1,1,0,0,0,0,0,0,0,1,1,0,1
910,0x00000bc0,0x00000bbc,0x00f71763,1,0,1,1,0,0,0,0,1,1,0,1,1,1
911,0x00000bc0,0x00000bbc,0x00f71763,1,0,0,1,0,0,0,0,0,0,0,1,0,1
912,0x00000bc0,0x00000bbc,0x00f71763,1,1,1,0,0,0,0,0,0,0,1,1,0,1
913,0x00000bc2,0x00000bc0,0xfff50513,1,1,1,0,0,0,0,0,0,0,0,1,0,1
914,0x00000bc4,0x00000bc2,0x00160613,1,1,1,0,0,0,0,0,0,0,0,1,0,1
915,0x00000bc6,0x00000bc4,0x00148493,1,1,1,0,0,0,0,0,0,0,0,1,0,1
916,0x00000bc8,0x00000bc6,0xfe0517e3,1,1,1,0,0,0,0,0,0,0,0,1,0,1
917,0x00000bca,0x00000bc8,0x00d005b3,0,1,1,0,0,0,1,1,0,0,0,1,0,1
918,0x00000bb4,0x00000bc8,0x00d005b3,0,1,1,0,0,0,1,0,0,0,0,1,1,0
919,0x00000bb4,0x00000bc8,0x00d005b3,0,1,1,0,0,0,1,0,0,0,0,1,0,0
920,0x00000bb8,0x00000bb4,0x0004c703,1,1,1,0,0,0,1,0,0,0,0,1,1,1
921,0x00000bb8,0x00000bb4,0x0004c703,0,1,1,0,0,0,0,0,1,1,0,1,0,0
922,0x00000bbc,0x00000bb8,0x00064783,1,0,0,0,0,0,0,0,0,0,0,1,1,1
923,0x00000bbc,0x00000bb8,0x00064783,1,1,1,0,0,0,0,0,0,0,1,1,0,1
924,0x00000bc0,0x00000bbc,0x00f71763,1,0,1,1,0,0,0,0,1,1,0,1,1,1
925,0x00000bc0,0x00000bbc,0x00f71763,1,0,0,1,0,0,0,0,0,0,0,1,0,1
926,0x00000bc0,0x00000bbc,0x00f71763,1,1,1,0,0,0,0,0,0,0,1,1,0,1
927,0x00000bc2,0x00000bc0,0xfff50513,1,1,1,0,0,0,0,0,0,0,0,1,0,1
928,0x00000bc4,0x00000bc2,0x00160613,1,1,1,0,0,0,0,0,0,0,0,1,0,1
929,0x00000bc6,0x00000bc4,0x00148493,1,1,1,0,0,0,0,0,0,0,0,1,0,1
930,0x00000bc8,0x00000bc6,0xfe0517e3,1,1,1,0,0,0,0,0,0,0,0,1,0,1
931,0x00000bca,0x00000bc8,0x00d005b3,0,1,1,0,0,0,1,1,0,0,0,1,0,1
932,0x00000bb4,0x00000bc8,0x00d005b3,0,1,1,0,0,0,1,0,0,0,0,1,1,0
933,0x00000bb4,0x00000bc8,0x00d005b3,0,1,1,0,0,0,1,0,0,0,0,1,0,0
934,0x00000bb8,0x00000bb4,0x0004c703,1,1,1,0,0,0,1,0,0,0,0,1,1,1
935,0x00000bb8,0x00000bb4,0x0004c703,0,1,1,0,0,0,0,0,1,1,0,1,0,0
936,0x00000bbc,0x00000bb8,0x00064783,1,0,0,0,0,0,0,0,0,0,0,1,1,1
937,0x00000bbc,0x00000bb8,0x00064783,1,1,1,0,0,0,0,0,0,0,1,1,0,1
938,0x00000bc0,0x00000bbc,0x00f71763,1,0,1,1,0,0,0,0,1,1,0,1,1,1
939,0x00000bc0,0x00000bbc,0x00f71763,1,0,0,1,0,0,0,0,0,0,0,1,0,1
940,0x00000bc0,0x00000bbc,0x00f71763,1,1,1,0,0,0,0,0,0,0,1,1,0,1
941,0x00000bc2,0x00000bc0,0xfff50513,1,1,1,0,0,0,0,0,0,0,0,1,0,1
942,0x00000bc4,0x00000bc2,0x00160613,1,1,1,0,0,0,0,0,0,0,0,1,0,1
943,0x00000bc6,0x00000bc4,0x00148493,1,1,1,0,0,0,0,0,0,0,0,1,0,1
944,0x00000bc8,0x00000bc6,0xfe0517e3,1,1,1,0,0,0,0,0,0,0,0,1,0,1
945,0x00000bca,0x00000bc8,0x00d005b3,1,1,1,0,0,0,0,0,0,0,0,1,0,1
946,0x00000bcc,0x00000bca,0x00b42223,1,1,1,0,0,0,0,0,0,0,0,1,0,1
947,0x00000bd0,0x00000bcc,0xdeadc537,1,1,1,0,0,0,0,0,1,1,0,1,0,1
948,0x00000bd4,0x00000bd0,0xeef50513,1,1,1,0,0,0,0,0,0,0,1,1,1,1
949,0x00000bd4,0x00000bd0,0xeef50513,0,1,1,0,0,0,0,0,0,0,0,1,0,0
950,0x00000bd8,0x00000bd4,0x001025b7,1,1,1,0,0,0,0,0,0,0,0,1,1,1
951,0x00000bd8,0x00000bd4,0x001025b7,0,1,1,0,0,0,0,0,0,0,0,1,0,0
952,0x00000bda,0x00000bd8,0x00a5a023,1,1,1,0,0,0,0,0,0,0,0,1,1,1
953,0x00000bda,0x00000bd8,0x00a5a023,0,1,1,0,0,0,0,0,1,1,0,1,0,0
954,0x00000bdc,0x00000bda,0x00000513,1,1,1,0,0,0,0,0,0,0,1,1,0,1
955,0x00000bde,0x00000bdc,0x01c12083,1,1,1,0,0,0,1,0,0,0,0,1,0,1
956,0x00000be0,0x00000bde,0x01812403,1,1,1,0,0,0,0,0,1,1,0,1,0,1
957,0x00000be2,0x00000be0,0x01412483,1,0,0,0,0,0,0,0,1,0,0,1,0,1
958,0x00000be2,0x00000be0,0x01412483,1,1,1,0,0,0,0,0,1,1,1,1,0,1
959,0x00000be4,0x00000be2,0x02010113,1,0,0,0,0,0,0,0,1,0,0,1,0,1
960,0x00000be4,0x00000be2,0x02010113,1,1,1,0,0,0,0,0,1,1,1,0,0,1
961,0x00000be6,0x00000be4,0x00008067,1,0,0,0,0,0,0,1,0,0,0,1,0,1
962,0x000000e8,0x00000be4,0x00008067,1,1,1,0,0,0,0,0,0,0,1,1,1,1
963,0x000000e8,0x00000be4,0x00008067,0,1,1,0,0,0,0,0,0,0,0,1,0,0
964,0x000000ea,0x000000e8,0x00a00433,1,1,1,0,0,0,0,0,0,0,0,1,1,1
965,0x000000ea,0x000000e8,0x00a00433,0,1,1,0,0,0,1,0,0,0,0,1,0,0
966,0x000000ec,0x000000ea,0x00800533,1,1,1,0,0,0,1,0,0,0,0,1,0,1
967,0x000000f0,0x000000ec,0x214000ef,1,1,1,0,0,0,1,1,0,0,0,1,0,1
968,0x00000300,0x000000ec,0x214000ef,0,1,1,0,0,0,0,0,0,0,0,1,1,0
969,0x00000300,0x000000ec,0x214000ef,0,1,1,0,0,0,0,0,0,0,0,1,0,0
970,0x00000302,0x00000300,0x0000006f,1,1,1,0,0,0,0,1,0,0,0,1,0,1
971,0x00000300,0x00000300,0x0000006f,0,1,1,0,0,0,0,0,0,0,0,1,1,0
972,0x00000300,0x00000300,0x0000006f,0,1,1,0,0,0,0,0,0,0,0,1,1,0
973,0x00000300,0x00000300,0x0000006f,0,1,1,0,0,0,0,0,0,0,0,1,0,0
974,0x00000302,0x00000300,0x0000006f,1,1,1,0,0,0,0,1,0,0,0,1,0,1
975,0x00000300,0x00000300,0x0000006f,0,1,1,0,0,0,0,0,0,0,0,1,1,0
976,0x00000300,0x00000300,0x0000006f,0,1,1,0,0,0,0,0,0,0,0,1,1,0
977,0x00000300,0x00000300,0x0000006f,0,1,1,0,0,0,0,0,0,0,0,1,0,0
978,0x00000302,0x00000300,0x0000006f,1,1,1,0,0,0,0,1,0,0,0,1,0,1
979,0x00000300,0x00000300,0x0000006f,0,1,1,0,0,0,0,0,0,0,0,1,1,0
980,0x00000300,0x00000300,0x0000006f,0,1,1,0,0,0,0,0,0,0,0,1,1,0
981,0x00000300,0x00000300,0x0000006f,0,1,1,0,0,0,0,0,0,0,0,1,0,0
982,0x00000302,0x00000300,0x0000006f,1,1,1,0,0,0,0,1,0,0,0,1,0,1
983,0x00000300,0x00000300,0x0000006f,0,1,1,0,0,0,0,0,0,0,0,1,1,0
984,0x00000300,0x00000300,0x0000006f,0,1,1,0,0,0,0,0,0,0,0,1,1,0
985,0x00000300,0x00000300,0x0000006f,0,1,1,0,0,0,0,0,0,0,0,1,0,0
986,0x00000302,0x00000300,0x0000006f,1,1,1,0,0,0,0,1,0,0,0,1,0,1
987,0x00000300,0x00000300,0x0000006f,0,1,1,0,0,0,0,0,0,0,0,1,1,0
988,0x00000300,0x00000300,0x0000006f,0,1,1,0,0,0,0,0,0,0,0,1,1,0
989,0x00000300,0x00000300,0x0000006f,0,1,1,0,0,0,0,0,0,0,0,1,0,0
990,0x00000302,0x00000300,0x0000006f,1,1,1,0,0,0,0,1,0,0,0,1,0,1
991,0x00000300,0x00000300,0x0000006f,0,1,1,0,0,0,0,0,0,0,0,1,1,0
992,0x00000300,0x00000300,0x0000006f,0,1,1,0,0,0,0,0,0,0,0,1,1,0
993,0x00000300,0x00000300,0x0000006f,0,1,1,0,0,0,0,0,0,0,0,1,0,0
994,0x00000302,0x00000300,0x0000006f,1,1,1,0,0,0,0,1,0,0,0,1,0,1
995,0x00000300,0x00000300,0x0000006f,0,1,1,0,0,0,0,0,0,0,0,1,1,0
996,0x00000300,0x00000300,0x0000006f,0,1,1,0,0,0,0,0,0,0,0,1,1,0
997,0x00000300,0x00000300,0x0000006f,0,1,1,0,0,0,0,0,0,0,0,1,0,0
998,0x00000302,0x00000300,0x0000006f,1,1,1,0,0,0,0,1,0,0,0,1,0,1
999,0x00000300,0x00000300,0x0000006f,0,1,1,0,0,0,0,0,0,0,0,1,1,0
1000,0x00000300,0x00000300,0x0000006f,0,1,1,0,0,0,0,0,0,0,0,1,1,0
1001,0x00000300,0x00000300,0x0000006f,0,1,1,0,0,0,0,0,0,0,0,1,0,0
1002,0x00000302,0x00000300,0x0000006f,1,1,1,0,0,0,0,1,0,0,0,1,0,1
1003,0x00000300,0x00000300,0x0000006f,0,1,1,0,0,0,0,0,0,0,0,1,1,0
1004,0x00000300,0x00000300,0x0000006f,0,1,1,0,0,0,0,0,0,0,0,1,1,0
1005,0x00000300,0x00000300,0x0000006f,0,1,1,0,0,0,0,0,0,0,0,1,0,0
1006,0x00000302,0x00000300,0x0000006f,1,1,1,0,0,0,0,1,0,0,0,1,0,1
1007,0x00000300,0x00000300,0x0000006f,0,1,1,0,0,0,0,0,0,0,0,1,1,0
1008,0x00000300,0x00000300,0x0000006f,0,1,1,0,0,0,0,0,0,0,0,1,1,0
1009,0x00000300,0x00000300,0x0000006f,0,1,1,0,0,0,0,0,0,0,0,1,0,0
1010,0x00000302,0x00000300,0x0000006f,1,1,1,0,0,0,0,1,0,0,0,1,0,1
1011,0x00000300,0x00000300,0x0000006f,0,1,1,0,0,0,0,0,0,0,0,1,1,0
1012,0x00000300,0x00000300,0x0000006f,0,1,1,0,0,0,0,0,0,0,0,1,1,0
1013,0x00000300,0x00000300,0x0000006f,0,1,1,0,0,0,0,0,0,0,0,1,0,0
1014,0x00000302,0x00000300,0x0000006f,1,1,1,0,0,0,0,1,0,0,0,1,0,1
1015,0x00000300,0x00000300,0x0000006f,0,1,1,0,0,0,0,0,0,0,0,1,1,0
1016,0x00000300,0x00000300,0x0000006f,0,1,1,0,0,0,0,0,0,0,0,1,1,0
1017,0x00000300,0x00000300,0x0000006f,0,1,1,0,0,0,0,0,0,0,0,1,0,0
1018,0x00000302,0x00000300,0x0000006f,1,1,1,0,0,0,0,1,0,0,0,1,0,1
1019,0x00000300,0x00000300,0x0000006f,0,1,1,0,0,0,0,0,0,0,0,1,1,0
1020,0x00000300,0x00000300,0x0000006f,0,1,1,0,0,0,0,0,0,0,0,1,1,0
1021,0x00000300,0x00000300,0x0000006f,0,1,1,0,0,0,0,0,0,0,0,1,0,0
