cycle,pc_if,pc_id,instr,is_decoding,id_ready,ex_ready,load_stall,jr_stall,misaligned_stall,branch_dec,pc_set,data_req,data_gnt,data_rvalid,if_busy,perf_imiss,instr_valid_id,mnemonic,category
0,0x00000000,0x00000000,0x00000000,0,1,1,0,0,0,0,0,0,0,0,0,1,0,c.addi4spn,ifetch_miss
1,0x00000000,0x00000000,0x00000000,0,1,1,0,0,0,0,0,0,0,0,0,1,0,c.addi4spn,ifetch_miss
2,0x00000000,0x00000000,0x00000000,0,1,1,0,0,0,0,1,0,0,0,1,0,0,c.addi4spn,jump_redirect
3,0x00000080,0x00000000,0x00000000,0,1,1,0,0,0,0,0,0,0,0,1,1,0,c.addi4spn,ifetch_miss
4,0x00000080,0x00000000,0x00000000,0,1,1,0,0,0,0,0,0,0,0,1,0,0,c.addi4spn,ifetch_miss
5,0x00000084,0x00000080,0x00c0006f,1,1,1,0,0,0,0,1,0,0,0,1,0,1,jal,jump_redirect
6,0x0000008c,0x00000080,0x00c0006f,0,1,1,0,0,0,0,0,0,0,0,1,1,0,jal,ifetch_miss
7,0x0000008c,0x00000080,0x00c0006f,0,1,1,0,0,0,0,0,0,0,0,1,1,0,jal,ifetch_miss
8,0x0000008c,0x00000080,0x00c0006f,0,1,1,0,0,0,0,0,0,0,0,1,0,0,jal,ifetch_miss
9,0x0000008e,0x0000008c,0x00000093,1,1,1,0,0,0,0,0,0,0,0,1,1,1,addi,useful_other
10,0x0000008e,0x0000008c,0x00000093,0,1,1,0,0,0,1,0,0,0,0,1,0,0,addi,ifetch_miss
11,0x00000090,0x0000008e,0x00100133,1,1,1,0,0,0,1,0,0,0,0,1,0,1,add,useful_other
12,0x00000092,0x00000090,0x001001b3,1,1,1,0,0,0,1,0,0,0,0,1,0,1,add,useful_other
13,0x00000094,0x00000092,0x00100233,1,1,1,0,0,0,1,0,0,0,0,1,0,1,add,useful_other
14,0x00000096,0x00000094,0x001002b3,1,1,1,0,0,0,1,0,0,0,0,1,0,1,add,useful_other
15,0x00000098,0x00000096,0x00100333,1,1,1,0,0,0,1,0,0,0,0,1,0,1,add,useful_other
16,0x0000009a,0x00000098,0x001003b3,1,1,1,0,0,0,1,0,0,0,0,1,0,1,add,useful_other
17,0x0000009c,0x0000009a,0x00100433,1,1,1,0,0,0,1,0,0,0,0,1,0,1,add,useful_other
18,0x0000009e,0x0000009c,0x001004b3,1,1,1,0,0,0,1,0,0,0,0,1,0,1,add,useful_other
19,0x000000a0,0x0000009e,0x00100533,1,1,1,0,0,0,1,0,0,0,0,1,0,1,add,useful_other
20,0x000000a2,0x000000a0,0x001005b3,1,1,1,0,0,0,1,0,0,0,0,1,0,1,add,useful_other
21,0x000000a4,0x000000a2,0x00100633,1,1,1,0,0,0,1,0,0,0,0,1,0,1,add,useful_other
22,0x000000a6,0x000000a4,0x001006b3,1,1,1,0,0,0,1,0,0,0,0,1,0,1,add,useful_other
23,0x000000a8,0x000000a6,0x00100733,1,1,1,0,0,0,1,0,0,0,0,1,0,1,add,useful_other
24,0x000000aa,0x000000a8,0x001007b3,1,1,1,0,0,0,1,0,0,0,0,1,0,1,add,useful_other
25,0x000000ac,0x000000aa,0x00100833,1,1,1,0,0,0,1,0,0,0,0,1,0,1,add,useful_other
26,0x000000ae,0x000000ac,0x001008b3,1,1,1,0,0,0,1,0,0,0,0,1,0,1,add,useful_other
27,0x000000b0,0x000000ae,0x00100933,1,1,1,0,0,0,1,0,0,0,0,1,0,1,add,useful_other
28,0x000000b2,0x000000b0,0x001009b3,1,1,1,0,0,0,1,0,0,0,0,1,0,1,add,useful_other
29,0x000000b4,0x000000b2,0x00100a33,1,1,1,0,0,0,1,0,0,0,0,1,0,1,add,useful_other
30,0x000000b6,0x000000b4,0x00100ab3,1,1,1,0,0,0,1,0,0,0,0,1,0,1,add,useful_other
31,0x000000b8,0x000000b6,0x00100b33,1,1,1,0,0,0,1,0,0,0,0,1,0,1,add,useful_other
32,0x000000ba,0x000000b8,0x00100bb3,1,1,1,0,0,0,1,0,0,0,0,1,0,1,add,useful_other
33,0x000000bc,0x000000ba,0x00100c33,1,1,1,0,0,0,1,0,0,0,0,1,0,1,add,useful_other
34,0x000000be,0x000000bc,0x00100cb3,1,1,1,0,0,0,1,0,0,0,0,1,0,1,add,useful_other
35,0x000000c0,0x000000be,0x00100d33,1,1,1,0,0,0,1,0,0,0,0,1,0,1,add,useful_other
36,0x000000c2,0x000000c0,0x00100db3,1,1,1,0,0,0,1,0,0,0,0,1,0,1,add,useful_other
37,0x000000c4,0x000000c2,0x00100e33,1,1,1,0,0,0,1,0,0,0,0,1,0,1,add,useful_other
38,0x000000c6,0x000000c4,0x00100eb3,1,1,1,0,0,0,1,0,0,0,0,1,0,1,add,useful_other
39,0x000000c8,0x000000c6,0x00100f33,1,1,1,0,0,0,1,0,0,0,0,1,0,1,add,useful_other
40,0x000000ca,0x000000c8,0x00100fb3,1,1,1,0,0,0,1,0,0,0,0,1,0,1,add,useful_other
41,0x000000ce,0x000000ca,0x00100117,1,1,1,0,0,0,1,0,0,0,0,1,1,1,auipc,useful_other
42,0x000000ce,0x000000ca,0x00100117,0,1,1,0,0,0,0,0,0,0,0,1,0,0,auipc,ifetch_miss
43,0x000000d2,0x000000ce,0xf3610113,1,1,1,0,0,0,0,0,0,0,0,1,1,1,addi,useful_other
44,0x000000d2,0x000000ce,0xf3610113,0,1,1,0,0,0,0,0,0,0,0,1,0,0,addi,ifetch_miss
45,0x000000d6,0x000000d2,0x01bd5763,1,1,1,0,0,0,0,0,0,0,0,1,1,1,bge,useful_other
46,0x000000d6,0x000000d2,0x01bd5763,0,1,1,0,0,0,1,1,0,0,0,1,0,0,bge,branch_penalty
47,0x000000e0,0x000000d2,0x01bd5763,0,1,1,0,0,0,1,0,0,0,0,1,1,0,bge,ifetch_miss
48,0x000000e0,0x000000d2,0x01bd5763,0,1,1,0,0,0,1,0,0,0,0,1,1,0,bge,ifetch_miss
49,0x000000e0,0x000000d2,0x01bd5763,0,1,1,0,0,0,1,0,0,0,0,1,1,0,bge,ifetch_miss
50,0x000000e0,0x000000d2,0x01bd5763,0,1,1,0,0,0,1,0,0,0,0,1,0,0,bge,ifetch_miss
51,0x000000e2,0x000000e0,0x00000513,1,1,1,0,0,0,1,0,0,0,0,1,1,1,addi,useful_other
52,0x000000e2,0x000000e0,0x00000513,0,1,1,0,0,0,1,0,0,0,0,1,0,0,addi,ifetch_miss
53,0x000000e4,0x000000e2,0x00000593,1,1,1,0,0,0,1,0,0,0,0,1,0,1,addi,useful_other
54,0x000000e8,0x000000e4,0x25d000ef,1,1,1,0,0,0,1,1,0,0,0,1,0,1,jal,branch_penalty
55,0x00000b40,0x000000e4,0x25d000ef,0,1,1,0,0,0,0,0,0,0,0,1,1,0,jal,ifetch_miss
56,0x00000b40,0x000000e4,0x25d000ef,0,1,1,0,0,0,0,0,0,0,0,1,0,0,jal,ifetch_miss
57,0x00000b42,0x00000b40,0xfe010113,1,1,1,0,0,0,0,0,0,0,0,1,1,1,addi,useful_other
58,0x00000b42,0x00000b40,0xfe010113,0,1,1,0,0,0,0,0,0,0,0,1,0,0,addi,ifetch_miss
59,0x00000b44,0x00000b42,0x00112e23,1,1,1,0,0,0,0,0,0,0,0,1,0,1,sw,useful_other
60,0x00000b46,0x00000b44,0x00812c23,1,1,1,0,0,0,0,0,1,1,0,1,0,1,sw,useful_other
61,0x00000b48,0x00000b46,0x00912a23,1,1,1,0,0,0,0,0,1,1,1,1,0,1,sw,useful_other
62,0x00000b4c,0x00000b48,0x00102437,1,1,1,0,0,0,0,0,1,1,1,1,0,1,lui,useful_other
63,0x00000b50,0x00000b4c,0x00100537,1,1,1,0,0,0,0,0,0,0,1,1,1,1,lui,useful_other
64,0x00000b50,0x00000b4c,0x00100537,0,1,1,0,0,0,0,0,0,0,0,1,0,0,lui,ifetch_miss
65,0x00000b54,0x00000b50,0x12050513,1,1,1,0,0,0,0,0,0,0,0,1,1,1,addi,useful_other
66,0x00000b54,0x00000b50,0x12050513,0,1,1,0,0,0,0,0,0,0,0,1,0,0,addi,ifetch_miss
67,0x00000b58,0x00000b54,0x001005b7,1,1,1,0,0,0,0,0,0,0,0,1,1,1,lui,useful_other
68,0x00000b58,0x00000b54,0x001005b7,0,1,1,0,0,0,0,0,0,0,0,1,0,0,lui,ifetch_miss
69,0x00000b5c,0x00000b58,0x10058593,1,1,1,0,0,0,0,0,0,0,0,1,1,1,addi,useful_other
70,0x00000b5c,0x00000b58,0x10058593,0,1,1,0,0,0,0,0,0,0,0,1,0,0,addi,ifetch_miss
71,0x00000b5e,0x00000b5c,0x00410613,1,1,1,0,0,0,0,0,0,0,0,1,1,1,addi,useful_other
72,0x00000b5e,0x00000b5c,0x00410613,0,1,1,0,0,0,0,0,0,0,0,1,0,0,addi,ifetch_miss
73,0x00000b60,0x00000b5e,0x00410493,1,1,1,0,0,0,0,0,0,0,0,1,0,1,addi,useful_other
74,0x00000b62,0x00000b60,0xaf5ff0ef,1,1,1,0,0,0,0,1,0,0,0,1,0,1,jal,jump_redirect
75,0x00000654,0x00000b60,0xaf5ff0ef,0,1,1,0,0,0,0,0,0,0,0,1,1,0,jal,ifetch_miss
76,0x00000654,0x00000b60,0xaf5ff0ef,0,1,1,0,0,0,0,0,0,0,0,1,0,0,jal,ifetch_miss
77,0x00000656,0x00000654,0xfe010113,1,1,1,0,0,0,0,0,0,0,0,1,1,1,addi,useful_other
78,0x00000656,0x00000654,0xfe010113,0,1,1,0,0,0,0,0,0,0,0,1,0,0,addi,ifetch_miss
79,0x00000658,0x00000656,0x00812e23,1,1,1,0,0,0,0,0,0,0,0,1,0,1,sw,useful_other
80,0x0000065a,0x00000658,0x00912c23,1,1,1,0,0,0,0,0,1,1,0,1,0,1,sw,useful_other
81,0x0000065c,0x0000065a,0x01212a23,1,1,1,0,0,0,0,0,1,1,1,1,0,1,sw,useful_other
82,0x0000065e,0x0000065c,0x01312823,1,1,1,0,0,0,0,0,1,1,1,1,0,1,sw,useful_other
83,0x00000660,0x0000065e,0x01412623,1,1,1,0,0,0,0,0,1,1,1,1,0,1,sw,useful_other
84,0x00000662,0x00000660,0x01512423,1,1,1,0,0,0,0,0,1,1,1,1,0,1,sw,useful_other
85,0x00000664,0x00000662,0x01612223,1,1,1,0,0,0,0,0,1,1,1,1,0,1,sw,useful_other
86,0x00000666,0x00000664,0x01712023,1,1,1,0,0,0,0,0,1,1,1,1,0,1,sw,useful_other
87,0x0000066a,0x00000666,0x00054803,1,1,1,0,0,0,0,0,1,1,1,1,1,1,lbu,useful_other
88,0x0000066a,0x00000666,0x00054803,0,1,1,0,0,0,0,0,1,1,1,1,0,0,lbu,ifetch_miss
89,0x0000066e,0x0000066a,0x00154883,1,0,0,0,0,0,0,0,0,0,0,1,1,1,lbu,pipeline_backpressure
90,0x0000066e,0x0000066a,0x00154883,1,1,1,0,0,0,0,0,0,0,1,1,0,1,lbu,useful_other
91,0x00000672,0x0000066e,0x00254283,1,1,1,0,0,0,0,0,1,1,0,1,1,1,lbu,useful_other
92,0x00000672,0x0000066e,0x00254283,0,0,0,0,0,0,0,0,1,0,0,1,0,0,lbu,mem_stall
93,0x00000672,0x0000066e,0x00254283,0,1,1,0,0,0,0,0,1,1,1,1,0,0,lbu,ifetch_miss
94,0x00000676,0x00000672,0x00354303,1,0,0,0,0,0,0,0,0,0,0,1,0,1,lbu,pipeline_backpressure
95,0x00000676,0x00000672,0x00354303,1,1,1,0,0,0,0,0,0,0,1,1,0,1,lbu,useful_other
96,0x0000067a,0x00000676,0x00454383,1,1,1,0,0,0,0,0,1,1,0,1,0,1,lbu,useful_other
97,0x0000067e,0x0000067a,0x00554e03,1,0,0,0,0,0,0,0,1,0,0,1,1,1,lbu,mem_stall
98,0x0000067e,0x0000067a,0x00554e03,1,1,1,0,0,0,0,0,1,1,1,1,0,1,lbu,useful_other
99,0x00000682,0x0000067e,0x00654e83,1,0,0,0,0,0,0,0,1,0,0,1,1,1,lbu,mem_stall
100,0x00000682,0x0000067e,0x00654e83,1,1,1,0,0,0,0,0,1,1,1,1,0,1,lbu,useful_other
101,0x00000686,0x00000682,0x00754f03,1,0,0,0,0,0,0,0,1,0,0,1,1,1,lbu,mem_stall
102,0x00000686,0x00000682,0x00754f03,1,1,1,0,0,0,0,0,1,1,1,1,0,1,lbu,useful_other
103,0x0000068a,0x00000686,0x00854f83,1,0,0,0,0,0,0,0,1,0,0,1,1,1,lbu,mem_stall
104,0x0000068a,0x00000686,0x00854f83,1,1,1,0,0,0,0,0,1,1,1,1,0,1,lbu,useful_other
105,0x0000068e,0x0000068a,0x00954903,1,0,0,0,0,0,0,0,1,0,0,1,1,1,lbu,mem_stall
106,0x0000068e,0x0000068a,0x00954903,1,1,1,0,0,0,0,0,1,1,1,1,0,1,lbu,useful_other
107,0x00000692,0x0000068e,0x00a54983,1,0,0,0,0,0,0,0,1,0,0,1,1,1,lbu,mem_stall
108,0x00000692,0x0000068e,0x00a54983,1,1,1,0,0,0,0,0,1,1,1,1,0,1,lbu,useful_other
109,0x00000696,0x00000692,0x00b54a03,1,0,0,0,0,0,0,0,1,0,0,1,1,1,lbu,mem_stall
110,0x00000696,0x00000692,0x00b54a03,1,1,1,0,0,0,0,0,1,1,1,1,0,1,lbu,useful_other
111,0x00000698,0x00000696,0x0005a403,1,0,0,0,0,0,0,0,1,0,0,1,0,1,lw,mem_stall
112,0x00000698,0x00000696,0x0005a403,1,1,1,0,0,0,0,0,1,1,1,1,0,1,lw,useful_other
113,0x0000069c,0x00000698,0x00c54b03,1,0,0,0,0,0,0,0,1,0,0,1,0,1,lbu,mem_stall
114,0x0000069c,0x00000698,0x00c54b03,1,1,1,0,0,0,0,0,1,1,1,1,0,1,lbu,useful_other
115,0x000006a0,0x0000069c,0x00d54683,1,0,0,0,0,0,0,0,1,0,0,1,0,1,lbu,mem_stall
116,0x000006a0,0x0000069c,0x00d54683,1,1,1,0,0,0,0,0,1,1,1,1,0,1,lbu,useful_other
117,0x000006a4,0x000006a0,0x00e54b83,1,0,0,0,0,0,0,0,1,0,0,1,0,1,lbu,mem_stall
118,0x000006a4,0x000006a0,0x00e54b83,1,1,1,0,0,0,0,0,1,1,1,1,0,1,lbu,useful_other
119,0x000006a8,0x000006a4,0x00f54a83,1,0,0,0,0,0,0,0,1,0,0,1,0,1,lbu,mem_stall
120,0x000006a8,0x000006a4,0x00f54a83,1,1,1,0,0,0,0,0,1,1,1,1,0,1,lbu,useful_other
121,0x000006ac,0x000006a8,0x24040033,1,0,0,0,0,0,0,0,1,0,0,1,0,1,xaesksld,mem_stall
122,0x000006ac,0x000006a8,0x24040033,1,1,1,0,0,0,0,0,1,1,1,1,0,1,xaesksld,useful_aes
123,0x000006ae,0x000006ac,0x00889893,1,0,0,0,0,0,0,0,0,0,0,1,0,1,slli,pipeline_backpressure
124,0x000006ae,0x000006ac,0x00889893,1,1,1,0,0,0,0,0,0,0,1,1,0,1,slli,useful_other
125,0x000006b2,0x000006ae,0x0108e833,1,1,1,0,0,0,0,0,0,0,0,1,0,1,or,useful_other
126,0x000006b4,0x000006b2,0x01029293,1,1,1,0,0,0,0,0,0,0,0,1,0,1,slli,useful_other
127,0x000006b6,0x000006b4,0x01831313,1,1,1,0,0,0,0,0,0,0,0,1,0,1,slli,useful_other
128,0x000006ba,0x000006b6,0x005362b3,1,1,1,0,0,0,0,0,0,0,0,1,1,1,or,useful_other
129,0x000006ba,0x000006b6,0x005362b3,0,1,1,0,0,0,0,0,0,0,0,1,0,0,or,ifetch_miss
130,0x000006bc,0x000006ba,0x008e1e13,1,1,1,0,0,0,0,0,0,0,0,1,0,1,slli,useful_other
131,0x000006c0,0x000006bc,0x007e68b3,1,1,1,0,0,0,0,0,0,0,0,1,0,1,or,useful_other
132,0x000006c2,0x000006c0,0x010e9e93,1,1,1,0,0,0,0,0,0,0,0,1,1,1,slli,useful_other
133,0x000006c2,0x000006c0,0x010e9e93,0,1,1,0,0,0,0,0,0,0,0,1,0,0,slli,ifetch_miss
134,0x000006c4,0x000006c2,0x018f1f13,1,1,1,0,0,0,0,0,0,0,0,1,0,1,slli,useful_other
135,0x000006c8,0x000006c4,0x01df6333,1,1,1,0,0,0,0,0,0,0,0,1,0,1,or,useful_other
136,0x000006ca,0x000006c8,0x00891913,1,1,1,0,0,0,0,0,0,0,0,1,1,1,slli,useful_other
137,0x000006ca,0x000006c8,0x00891913,0,1,1,0,0,0,0,0,0,0,0,1,0,0,slli,ifetch_miss
138,0x000006ce,0x000006ca,0x01f964b3,1,1,1,0,0,0,0,0,0,0,0,1,1,1,or,useful_other
139,0x000006ce,0x000006ca,0x01f964b3,0,1,1,0,0,0,0,0,0,0,0,1,0,0,or,ifetch_miss
140,0x000006d0,0x000006ce,0x01099993,1,1,1,0,0,0,0,0,0,0,0,1,0,1,slli,useful_other
141,0x000006d2,0x000006d0,0x018a1a13,1,1,1,0,0,0,0,0,0,0,0,1,0,1,slli,useful_other
142,0x000006d6,0x000006d2,0x013a6733,1,1,1,0,0,0,0,0,0,0,0,1,1,1,or,useful_other
143,0x000006d6,0x000006d2,0x013a6733,0,1,1,0,0,0,0,0,0,0,0,1,0,0,or,ifetch_miss
144,0x000006d8,0x000006d6,0x0045a503,1,1,1,0,0,0,0,0,0,0,0,1,0,1,lw,useful_other
145,0x000006da,0x000006d8,0x00869693,1,1,1,0,0,0,0,0,1,1,0,1,0,1,slli,useful_other
146,0x000006de,0x000006da,0x0166e6b3,1,0,0,0,0,0,0,0,0,0,0,1,1,1,or,pipeline_backpressure
147,0x000006de,0x000006da,0x0166e6b3,1,1,1,0,0,0,0,0,0,0,1,1,0,1,or,useful_other
148,0x000006e0,0x000006de,0x010b9b93,1,1,1,0,0,0,0,0,0,0,0,1,0,1,slli,useful_other
149,0x000006e4,0x000006e0,0x64050033,1,1,1,0,0,0,0,0,0,0,0,1,0,1,xaesksld,useful_aes
150,0x000006e6,0x000006e4,0x0085a503,1,1,1,0,0,0,0,0,0,0,0,1,1,1,lw,useful_other
151,0x000006e6,0x000006e4,0x0085a503,0,1,1,0,0,0,0,0,1,1,0,1,0,0,lw,ifetch_miss
152,0x000006e8,0x000006e6,0x018a9a93,1,0,0,0,0,0,0,0,0,0,0,1,0,1,slli,pipeline_backpressure
153,0x000006e8,0x000006e6,0x018a9a93,1,1,1,0,0,0,0,0,0,0,1,1,0,1,slli,useful_other
154,0x000006ec,0x000006e8,0x017ae7b3,1,1,1,0,0,0,0,0,0,0,0,1,0,1,or,useful_other
155,0x000006f0,0x000006ec,0x0102e433,1,1,1,0,0,0,0,0,0,0,0,1,1,1,or,useful_other
156,0x000006f0,0x000006ec,0x0102e433,0,1,1,0,0,0,0,0,0,0,0,1,0,0,or,ifetch_miss
157,0x000006f4,0x000006f0,0xa4050033,1,1,1,0,0,0,0,0,0,0,0,1,1,1,xaesksld,useful_aes
158,0x000006f4,0x000006f0,0xa4050033,0,1,1,0,0,0,0,0,0,0,0,1,0,0,xaesksld,ifetch_miss
159,0x000006f6,0x000006f4,0x00c5a503,1,1,1,0,0,0,0,0,0,0,0,1,1,1,lw,useful_other
160,0x000006f6,0x000006f4,0x00c5a503,0,1,1,0,0,0,0,0,1,1,0,1,0,0,lw,ifetch_miss
161,0x000006fa,0x000006f6,0x011365b3,1,0,0,0,0,0,0,0,0,0,0,1,1,1,or,pipeline_backpressure
162,0x000006fa,0x000006f6,0x011365b3,1,1,1,0,0,0,0,0,0,0,1,1,0,1,or,useful_other
163,0x000006fc,0x000006fa,0x00976733,1,1,1,0,0,0,0,0,0,0,0,1,0,1,or,useful_other
164,0x00000700,0x000006fc,0x00d7e833,1,1,1,0,0,0,0,0,0,0,0,1,0,1,or,useful_other
165,0x00000704,0x00000700,0xe4050033,1,1,1,0,0,0,0,0,0,0,0,1,1,1,xaesksld,useful_aes
166,0x00000704,0x00000700,0xe4050033,0,1,1,0,0,0,0,0,0,0,0,1,0,0,xaesksld,ifetch_miss
167,0x00000708,0x00000704,0x28000533,1,1,1,0,0,0,0,0,0,0,0,1,1,1,xaesksrd,useful_aes
168,0x00000708,0x00000704,0x28000533,0,1,1,0,0,0,1,0,0,0,0,1,0,0,xaesksrd,ifetch_miss
169,0x0000070c,0x00000708,0x680007b3,1,1,1,0,0,0,1,0,0,0,0,1,1,1,xaesksrd,useful_aes
170,0x0000070c,0x00000708,0x680007b3,0,1,1,0,0,0,1,0,0,0,0,1,0,0,xaesksrd,ifetch_miss
171,0x00000710,0x0000070c,0xa80004b3,1,1,1,0,0,0,1,0,0,0,0,1,1,1,xaesksrd,useful_aes
172,0x00000710,0x0000070c,0xa80004b3,0,1,1,0,0,0,1,0,0,0,0,1,0,0,xaesksrd,ifetch_miss
173,0x00000714,0x00000710,0xe80006b3,1,1,1,0,0,0,1,0,0,0,0,1,1,1,xaesksrd,useful_aes
174,0x00000714,0x00000710,0xe80006b3,0,1,1,0,0,0,1,0,0,0,0,1,0,0,xaesksrd,ifetch_miss
175,0x00000716,0x00000714,0x00854533,1,1,1,0,0,0,1,0,0,0,0,1,1,1,xor,useful_other
176,0x00000716,0x00000714,0x00854533,0,1,1,0,0,0,0,0,0,0,0,1,0,0,xor,ifetch_miss
177,0x0000071a,0x00000716,0x20000033,1,1,1,0,0,0,0,0,0,0,0,1,1,1,xaeskse,useful_aes
178,0x0000071a,0x00000716,0x20000033,0,1,1,0,0,0,1,0,0,0,0,1,0,0,xaeskse,ifetch_miss
179,0x0000071c,0x0000071a,0x00f5c5b3,1,1,1,0,0,0,1,0,0,0,0,1,0,1,xor,useful_other
180,0x00000720,0x0000071c,0x280007b3,1,1,1,0,0,0,0,0,0,0,0,1,0,1,xaesksrd,useful_aes
181,0x00000722,0x00000720,0x00974733,1,1,1,0,0,0,1,0,0,0,0,1,1,1,xor,useful_other
182,0x00000722,0x00000720,0x00974733,0,1,1,0,0,0,0,0,0,0,0,1,0,0,xor,ifetch_miss
183,0x00000726,0x00000722,0x680004b3,1,1,1,0,0,0,0,0,0,0,0,1,1,1,xaesksrd,useful_aes
184,0x00000726,0x00000722,0x680004b3,0,1,1,0,0,0,1,0,0,0,0,1,0,0,xaesksrd,ifetch_miss
185,0x0000072a,0x00000726,0x0106c6b3,1,1,1,0,0,0,1,0,0,0,0,1,1,1,xor,useful_other
186,0x0000072a,0x00000726,0x0106c6b3,0,1,1,0,0,0,0,0,0,0,0,1,0,0,xor,ifetch_miss
187,0x0000072e,0x0000072a,0xa8000433,1,1,1,0,0,0,0,0,0,0,0,1,1,1,xaesksrd,useful_aes
188,0x0000072e,0x0000072a,0xa8000433,0,1,1,0,0,0,1,0,0,0,0,1,0,0,xaesksrd,ifetch_miss
189,0x00000732,0x0000072e,0xe8000833,1,1,1,0,0,0,1,0,0,0,0,1,1,1,xaesksrd,useful_aes
190,0x00000732,0x0000072e,0xe8000833,0,1,1,0,0,0,1,0,0,0,0,1,0,0,xaesksrd,ifetch_miss
191,0x00000736,0x00000732,0x26a787b3,1,1,1,0,0,0,1,0,0,0,0,1,1,1,aes32esmi,useful_aes
192,0x00000736,0x00000732,0x26a787b3,0,1,1,0,0,0,0,0,0,0,0,1,0,0,aes32esmi,ifetch_miss
193,0x0000073a,0x00000736,0x20000033,1,1,1,0,0,0,0,0,0,0,0,1,1,1,xaeskse,useful_aes
194,0x0000073a,0x00000736,0x20000033,0,1,1,0,0,0,1,0,0,0,0,1,0,0,xaeskse,ifetch_miss
195,0x0000073e,0x0000073a,0x66b787b3,1,1,1,0,0,0,1,0,0,0,0,1,1,1,aes32esmi,useful_aes
196,0x0000073e,0x0000073a,0x66b787b3,0,1,1,0,0,0,0,0,0,0,0,1,0,0,aes32esmi,ifetch_miss
197,0x00000742,0x0000073e,0x26b484b3,1,1,1,0,0,0,0,0,0,0,0,1,1,1,aes32esmi,useful_aes
198,0x00000742,0x0000073e,0x26b484b3,0,1,1,0,0,0,0,0,0,0,0,1,0,0,aes32esmi,ifetch_miss
199,0x00000746,0x00000742,0xa6e787b3,1,1,1,0,0,0,0,0,0,0,0,1,1,1,aes32esmi,useful_aes
200,0x00000746,0x00000742,0xa6e787b3,0,1,1,0,0,0,0,0,0,0,0,1,0,0,aes32esmi,ifetch_miss
201,0x0000074a,0x00000746,0x66e484b3,1,1,1,0,0,0,0,0,0,0,0,1,1,1,aes32esmi,useful_aes
202,0x0000074a,0x00000746,0x66e484b3,0,1,1,0,0,0,0,0,0,0,0,1,0,0,aes32esmi,ifetch_miss
203,0x0000074e,0x0000074a,0x26e40433,1,1,1,0,0,0,0,0,0,0,0,1,1,1,aes32esmi,useful_aes
204,0x0000074e,0x0000074a,0x26e40433,0,1,1,0,0,0,0,0,0,0,0,1,0,0,aes32esmi,ifetch_miss
205,0x00000752,0x0000074e,0xe6d787b3,1,1,1,0,0,0,0,0,0,0,0,1,1,1,aes32esmi,useful_aes
206,0x00000752,0x0000074e,0xe6d787b3,0,1,1,0,0,0,0,0,0,0,0,1,0,0,aes32esmi,ifetch_miss
207,0x00000756,0x00000752,0xa6d484b3,1,1,1,0,0,0,0,0,0,0,0,1,1,1,aes32esmi,useful_aes
208,0x00000756,0x00000752,0xa6d484b3,0,1,1,0,0,0,0,0,0,0,0,1,0,0,aes32esmi,ifetch_miss
209,0x0000075a,0x00000756,0x66d40433,1,1,1,0,0,0,0,0,0,0,0,1,1,1,aes32esmi,useful_aes
210,0x0000075a,0x00000756,0x66d40433,0,1,1,0,0,0,0,0,0,0,0,1,0,0,aes32esmi,ifetch_miss
211,0x0000075e,0x0000075a,0x26d806b3,1,1,1,0,0,0,0,0,0,0,0,1,1,1,aes32esmi,useful_aes
212,0x0000075e,0x0000075a,0x26d806b3,0,1,1,0,0,0,0,0,0,0,0,1,0,0,aes32esmi,ifetch_miss
213,0x00000762,0x0000075e,0x28000833,1,1,1,0,0,0,0,0,0,0,0,1,1,1,xaesksrd,useful_aes
214,0x00000762,0x0000075e,0x28000833,0,1,1,0,0,0,1,0,0,0,0,1,0,0,xaesksrd,ifetch_miss
215,0x00000766,0x00000762,0xe6a484b3,1,1,1,0,0,0,1,0,0,0,0,1,1,1,aes32esmi,useful_aes
216,0x00000766,0x00000762,0xe6a484b3,0,1,1,0,0,0,0,0,0,0,0,1,0,0,aes32esmi,ifetch_miss
217,0x0000076a,0x00000766,0xa6a40433,1,1,1,0,0,0,0,0,0,0,0,1,1,1,aes32esmi,useful_aes
218,0x0000076a,0x00000766,0xa6a40433,0,1,1,0,0,0,0,0,0,0,0,1,0,0,aes32esmi,ifetch_miss
219,0x0000076e,0x0000076a,0x66a68533,1,1,1,0,0,0,0,0,0,0,0,1,1,1,aes32esmi,useful_aes
220,0x0000076e,0x0000076a,0x66a68533,0,1,1,0,0,0,0,0,0,0,0,1,0,0,aes32esmi,ifetch_miss
221,0x00000772,0x0000076e,0x680006b3,1,1,1,0,0,0,0,0,0,0,0,1,1,1,xaesksrd,useful_aes
222,0x00000772,0x0000076e,0x680006b3,0,1,1,0,0,0,1,0,0,0,0,1,0,0,xaesksrd,ifetch_miss
223,0x00000776,0x00000772,0xe6b40433,1,1,1,0,0,0,1,0,0,0,0,1,1,1,aes32esmi,useful_aes
224,0x00000776,0x00000772,0xe6b40433,0,1,1,0,0,0,0,0,0,0,0,1,0,0,aes32esmi,ifetch_miss
225,0x0000077a,0x00000776,0xa6b50533,1,1,1,0,0,0,0,0,0,0,0,1,1,1,aes32esmi,useful_aes
226,0x0000077a,0x00000776,0xa6b50533,0,1,1,0,0,0,0,0,0,0,0,1,0,0,aes32esmi,ifetch_miss
227,0x0000077e,0x0000077a,0xa80005b3,1,1,1,0,0,0,0,0,0,0,0,1,1,1,xaesksrd,useful_aes
228,0x0000077e,0x0000077a,0xa80005b3,0,1,1,0,0,0,1,0,0,0,0,1,0,0,xaesksrd,ifetch_miss
229,0x00000782,0x0000077e,0xe6e50533,1,1,1,0,0,0,1,0,0,0,0,1,1,1,aes32esmi,useful_aes
230,0x00000782,0x0000077e,0xe6e50533,0,1,1,0,0,0,0,0,0,0,0,1,0,0,aes32esmi,ifetch_miss
231,0x00000786,0x00000782,0xe80008b3,1,1,1,0,0,0,0,0,0,0,0,1,1,1,xaesksrd,useful_aes
232,0x00000786,0x00000782,0xe80008b3,0,1,1,0,0,0,1,0,0,0,0,1,0,0,xaesksrd,ifetch_miss
233,0x0000078a,0x00000786,0x26f80733,1,1,1,0,0,0,1,0,0,0,0,1,1,1,aes32esmi,useful_aes
234,0x0000078a,0x00000786,0x26f80733,0,1,1,0,0,0,0,0,0,0,0,1,0,0,aes32esmi,ifetch_miss
235,0x0000078e,0x0000078a,0x20000033,1,1,1,0,0,0,0,0,0,0,0,1,1,1,xaeskse,useful_aes
236,0x0000078e,0x0000078a,0x20000033,0,1,1,0,0,0,1,0,0,0,0,1,0,0,xaeskse,ifetch_miss
237,0x00000792,0x0000078e,0x66970733,1,1,1,0,0,0,1,0,0,0,0,1,1,1,aes32esmi,useful_aes
238,0x00000792,0x0000078e,0x66970733,0,1,1,0,0,0,0,0,0,0,0,1,0,0,aes32esmi,ifetch_miss
239,0x00000796,0x00000792,0x269686b3,1,1,1,0,0,0,0,0,0,0,0,1,1,1,aes32esmi,useful_aes
240,0x00000796,0x00000792,0x269686b3,0,1,1,0,0,0,0,0,0,0,0,1,0,0,aes32esmi,ifetch_miss
241,0x0000079a,0x00000796,0xa6870733,1,1,1,0,0,0,0,0,0,0,0,1,1,1,aes32esmi,useful_aes
242,0x0000079a,0x00000796,0xa6870733,0,1,1,0,0,0,0,0,0,0,0,1,0,0,aes32esmi,ifetch_miss
243,0x0000079e,0x0000079a,0x668686b3,1,1,1,0,0,0,0,0,0,0,0,1,1,1,aes32esmi,useful_aes
244,0x0000079e,0x0000079a,0x668686b3,0,1,1,0,0,0,0,0,0,0,0,1,0,0,aes32esmi,ifetch_miss
245,0x000007a2,0x0000079e,0x268585b3,1,1,1,0,0,0,0,0,0,0,0,1,1,1,aes32esmi,useful_aes
246,0x000007a2,0x0000079e,0x268585b3,0,1,1,0,0,0,0,0,0,0,0,1,0,0,aes32esmi,ifetch_miss
247,0x000007a6,0x000007a2,0xe6a70733,1,1,1,0,0,0,0,0,0,0,0,1,1,1,aes32esmi,useful_aes
248,0x000007a6,0x000007a2,0xe6a70733,0,1,1,0,0,0,0,0,0,0,0,1,0,0,aes32esmi,ifetch_miss
249,0x000007aa,0x000007a6,0xa6a686b3,1,1,1,0,0,0,0,0,0,0,0,1,1,1,aes32esmi,useful_aes
250,0x000007aa,0x000007a6,0xa6a686b3,0,1,1,0,0,0,0,0,0,0,0,1,0,0,aes32esmi,ifetch_miss
251,0x000007ae,0x000007aa,0x66a585b3,1,1,1,0,0,0,0,0,0,0,0,1,1,1,aes32esmi,useful_aes
252,0x000007ae,0x000007aa,0x66a585b3,0,1,1,0,0,0,0,0,0,0,0,1,0,0,aes32esmi,ifetch_miss
253,0x000007b2,0x000007ae,0x26a88533,1,1,1,0,0,0,0,0,0,0,0,1,1,1,aes32esmi,useful_aes
254,0x000007b2,0x000007ae,0x26a88533,0,1,1,0,0,0,0,0,0,0,0,1,0,0,aes32esmi,ifetch_miss
255,0x000007b6,0x000007b2,0x28000833,1,1,1,0,0,0,0,0,0,0,0,1,1,1,xaesksrd,useful_aes
256,0x000007b6,0x000007b2,0x28000833,0,1,1,0,0,0,1,0,0,0,0,1,0,0,xaesksrd,ifetch_miss
257,0x000007ba,0x000007b6,0xe6f686b3,1,1,1,0,0,0,1,0,0,0,0,1,1,1,aes32esmi,useful_aes
258,0x000007ba,0x000007b6,0xe6f686b3,0,1,1,0,0,0,0,0,0,0,0,1,0,0,aes32esmi,ifetch_miss
259,0x000007be,0x000007ba,0xa6f585b3,1,1,1,0,0,0,0,0,0,0,0,1,1,1,aes32esmi,useful_aes
260,0x000007be,0x000007ba,0xa6f585b3,0,1,1,0,0,0,0,0,0,0,0,1,0,0,aes32esmi,ifetch_miss
261,0x000007c2,0x000007be,0x66f50533,1,1,1,0,0,0,0,0,0,0,0,1,1,1,aes32esmi,useful_aes
262,0x000007c2,0x000007be,0x66f50533,0,1,1,0,0,0,0,0,0,0,0,1,0,0,aes32esmi,ifetch_miss
263,0x000007c6,0x000007c2,0x680007b3,1,1,1,0,0,0,0,0,0,0,0,1,1,1,xaesksrd,useful_aes
264,0x000007c6,0x000007c2,0x680007b3,0,1,1,0,0,0,1,0,0,0,0,1,0,0,xaesksrd,ifetch_miss
265,0x000007ca,0x000007c6,0xe69585b3,1,1,1,0,0,0,1,0,0,0,0,1,1,1,aes32esmi,useful_aes
266,0x000007ca,0x000007c6,0xe69585b3,0,1,1,0,0,0,0,0,0,0,0,1,0,0,aes32esmi,ifetch_miss
267,0x000007ce,0x000007ca,0xa6950533,1,1,1,0,0,0,0,0,0,0,0,1,1,1,aes32esmi,useful_aes
268,0x000007ce,0x000007ca,0xa6950533,0,1,1,0,0,0,0,0,0,0,0,1,0,0,aes32esmi,ifetch_miss
269,0x000007d2,0x000007ce,0xa80004b3,1,1,1,0,0,0,0,0,0,0,0,1,1,1,xaesksrd,useful_aes
270,0x000007d2,0x000007ce,0xa80004b3,0,1,1,0,0,0,1,0,0,0,0,1,0,0,xaesksrd,ifetch_miss
271,0x000007d6,0x000007d2,0xe6850533,1,1,1,0,0,0,1,0,0,0,0,1,1,1,aes32esmi,useful_aes
272,0x000007d6,0x000007d2,0xe6850533,0,1,1,0,0,0,0,0,0,0,0,1,0,0,aes32esmi,ifetch_miss
273,0x000007da,0x000007d6,0xe80008b3,1,1,1,0,0,0,0,0,0,0,0,1,1,1,xaesksrd,useful_aes
274,0x000007da,0x000007d6,0xe80008b3,0,1,1,0,0,0,1,0,0,0,0,1,0,0,xaesksrd,ifetch_miss
275,0x000007de,0x000007da,0x26e80433,1,1,1,0,0,0,1,0,0,0,0,1,1,1,aes32esmi,useful_aes
276,0x000007de,0x000007da,0x26e80433,0,1,1,0,0,0,0,0,0,0,0,1,0,0,aes32esmi,ifetch_miss
277,0x000007e2,0x000007de,0x20000033,1,1,1,0,0,0,0,0,0,0,0,1,1,1,xaeskse,useful_aes
278,0x000007e2,0x000007de,0x20000033,0,1,1,0,0,0,1,0,0,0,0,1,0,0,xaeskse,ifetch_miss
279,0x000007e6,0x000007e2,0x66d40433,1,1,1,0,0,0,1,0,0,0,0,1,1,1,aes32esmi,useful_aes
280,0x000007e6,0x000007e2,0x66d40433,0,1,1,0,0,0,0,0,0,0,0,1,0,0,aes32esmi,ifetch_miss
281,0x000007ea,0x000007e6,0x26d787b3,1,1,1,0,0,0,0,0,0,0,0,1,1,1,aes32esmi,useful_aes
282,0x000007ea,0x000007e6,0x26d787b3,0,1,1,0,0,0,0,0,0,0,0,1,0,0,aes32esmi,ifetch_miss
283,0x000007ee,0x000007ea,0xa6b40433,1,1,1,0,0,0,0,0,0,0,0,1,1,1,aes32esmi,useful_aes
284,0x000007ee,0x000007ea,0xa6b40433,0,1,1,0,0,0,0,0,0,0,0,1,0,0,aes32esmi,ifetch_miss
285,0x000007f2,0x000007ee,0x66b787b3,1,1,1,0,0,0,0,0,0,0,0,1,1,1,aes32esmi,useful_aes
286,0x000007f2,0x000007ee,0x66b787b3,0,1,1,0,0,0,0,0,0,0,0,1,0,0,aes32esmi,ifetch_miss
287,0x000007f6,0x000007f2,0x26b484b3,1,1,1,0,0,0,0,0,0,0,0,1,1,1,aes32esmi,useful_aes
288,0x000007f6,0x000007f2,0x26b484b3,0,1,1,0,0,0,0,0,0,0,0,1,0,0,aes32esmi,ifetch_miss
289,0x000007fa,0x000007f6,0xe6a40433,1,1,1,0,0,0,0,0,0,0,0,1,1,1,aes32esmi,useful_aes
290,0x000007fa,0x000007f6,0xe6a40433,0,1,1,0,0,0,0,0,0,0,0,1,0,0,aes32esmi,ifetch_miss
291,0x000007fe,0x000007fa,0xa6a787b3,1,1,1,0,0,0,0,0,0,0,0,1,1,1,aes32esmi,useful_aes
292,0x000007fe,0x000007fa,0xa6a787b3,0,1,1,0,0,0,0,0,0,0,0,1,0,0,aes32esmi,ifetch_miss
293,0x00000802,0x000007fe,0x66a484b3,1,1,1,0,0,0,0,0,0,0,0,1,1,1,aes32esmi,useful_aes
294,0x00000802,0x000007fe,0x66a484b3,0,1,1,0,0,0,0,0,0,0,0,1,0,0,aes32esmi,ifetch_miss
295,0x00000806,0x00000802,0x26a88533,1,1,1,0,0,0,0,0,0,0,0,1,1,1,aes32esmi,useful_aes
296,0x00000806,0x00000802,0x26a88533,0,1,1,0,0,0,0,0,0,0,0,1,0,0,aes32esmi,ifetch_miss
297,0x0000080a,0x00000806,0x28000833,1,1,1,0,0,0,0,0,0,0,0,1,1,1,xaesksrd,useful_aes
298,0x0000080a,0x00000806,0x28000833,0,1,1,0,0,0,1,0,0,0,0,1,0,0,xaesksrd,ifetch_miss
299,0x0000080e,0x0000080a,0xe6e787b3,1,1,1,0,0,0,1,0,0,0,0,1,1,1,aes32esmi,useful_aes
300,0x0000080e,0x0000080a,0xe6e787b3,0,1,1,0,0,0,0,0,0,0,0,1,0,0,aes32esmi,ifetch_miss
301,0x00000812,0x0000080e,0xa6e484b3,1,1,1,0,0,0,0,0,0,0,0,1,1,1,aes32esmi,useful_aes
302,0x00000812,0x0000080e,0xa6e484b3,0,1,1,0,0,0,0,0,0,0,0,1,0,0,aes32esmi,ifetch_miss
303,0x00000816,0x00000812,0x66e50533,1,1,1,0,0,0,0,0,0,0,0,1,1,1,aes32esmi,useful_aes
304,0x00000816,0x00000812,0x66e50533,0,1,1,0,0,0,0,0,0,0,0,1,0,0,aes32esmi,ifetch_miss
305,0x0000081a,0x00000816,0x68000733,1,1,1,0,0,0,0,0,0,0,0,1,1,1,xaesksrd,useful_aes
306,0x0000081a,0x00000816,0x68000733,0,1,1,0,0,0,1,0,0,0,0,1,0,0,xaesksrd,ifetch_miss
307,0x0000081e,0x0000081a,0xe6d484b3,1,1,1,0,0,0,1,0,0,0,0,1,1,1,aes32esmi,useful_aes
308,0x0000081e,0x0000081a,0xe6d484b3,0,1,1,0,0,0,0,0,0,0,0,1,0,0,aes32esmi,ifetch_miss
309,0x00000822,0x0000081e,0xa6d50533,1,1,1,0,0,0,0,0,0,0,0,1,1,1,aes32esmi,useful_aes
310,0x00000822,0x0000081e,0xa6d50533,0,1,1,0,0,0,0,0,0,0,0,1,0,0,aes32esmi,ifetch_miss
311,0x00000826,0x00000822,0xa80006b3,1,1,1,0,0,0,0,0,0,0,0,1,1,1,xaesksrd,useful_aes
312,0x00000826,0x00000822,0xa80006b3,0,1,1,0,0,0,1,0,0,0,0,1,0,0,xaesksrd,ifetch_miss
313,0x0000082a,0x00000826,0xe6b50533,1,1,1,0,0,0,1,0,0,0,0,1,1,1,aes32esmi,useful_aes
314,0x0000082a,0x00000826,0xe6b50533,0,1,1,0,0,0,0,0,0,0,0,1,0,0,aes32esmi,ifetch_miss
315,0x0000082e,0x0000082a,0xe80008b3,1,1,1,0,0,0,0,0,0,0,0,1,1,1,xaesksrd,useful_aes
316,0x0000082e,0x0000082a,0xe80008b3,0,1,1,0,0,0,1,0,0,0,0,1,0,0,xaesksrd,ifetch_miss
317,0x00000832,0x0000082e,0x268805b3,1,1,1,0,0,0,1,0,0,0,0,1,1,1,aes32esmi,useful_aes
318,0x00000832,0x0000082e,0x268805b3,0,1,1,0,0,0,0,0,0,0,0,1,0,0,aes32esmi,ifetch_miss
319,0x00000836,0x00000832,0x20000033,1,1,1,0,0,0,0,0,0,0,0,1,1,1,xaeskse,useful_aes
320,0x00000836,0x00000832,0x20000033,0,1,1,0,0,0,1,0,0,0,0,1,0,0,xaeskse,ifetch_miss
321,0x0000083a,0x00000836,0x66f585b3,1,1,1,0,0,0,1,0,0,0,0,1,1,1,aes32esmi,useful_aes
322,0x0000083a,0x00000836,0x66f585b3,0,1,1,0,0,0,0,0,0,0,0,1,0,0,aes32esmi,ifetch_miss
323,0x0000083e,0x0000083a,0x26f70733,1,1,1,0,0,0,0,0,0,0,0,1,1,1,aes32esmi,useful_aes
324,0x0000083e,0x0000083a,0x26f70733,0,1,1,0,0,0,0,0,0,0,0,1,0,0,aes32esmi,ifetch_miss
325,0x00000842,0x0000083e,0xa69585b3,1,1,1,0,0,0,0,0,0,0,0,1,1,1,aes32esmi,useful_aes
326,0x00000842,0x0000083e,0xa69585b3,0,1,1,0,0,0,0,0,0,0,0,1,0,0,aes32esmi,ifetch_miss
327,0x00000846,0x00000842,0x66970733,1,1,1,0,0,0,0,0,0,0,0,1,1,1,aes32esmi,useful_aes
328,0x00000846,0x00000842,0x66970733,0,1,1,0,0,0,0,0,0,0,0,1,0,0,aes32esmi,ifetch_miss
329,0x0000084a,0x00000846,0x269686b3,1,1,1,0,0,0,0,0,0,0,0,1,1,1,aes32esmi,useful_aes
330,0x0000084a,0x00000846,0x269686b3,0,1,1,0,0,0,0,0,0,0,0,1,0,0,aes32esmi,ifetch_miss
331,0x0000084e,0x0000084a,0xe6a585b3,1,1,1,0,0,0,0,0,0,0,0,1,1,1,aes32esmi,useful_aes
332,0x0000084e,0x0000084a,0xe6a585b3,0,1,1,0,0,0,0,0,0,0,0,1,0,0,aes32esmi,ifetch_miss
333,0x00000852,0x0000084e,0xa6a70733,1,1,1,0,0,0,0,0,0,0,0,1,1,1,aes32esmi,useful_aes
334,0x00000852,0x0000084e,0xa6a70733,0,1,1,0,0,0,0,0,0,0,0,1,0,0,aes32esmi,ifetch_miss
335,0x00000856,0x00000852,0x66a686b3,1,1,1,0,0,0,0,0,0,0,0,1,1,1,aes32esmi,useful_aes
336,0x00000856,0x00000852,0x66a686b3,0,1,1,0,0,0,0,0,0,0,0,1,0,0,aes32esmi,ifetch_miss
337,0x0000085a,0x00000856,0x26a88533,1,1,1,0,0,0,0,0,0,0,0,1,1,1,aes32esmi,useful_aes
338,0x0000085a,0x00000856,0x26a88533,0,1,1,0,0,0,0,0,0,0,0,1,0,0,aes32esmi,ifetch_miss
339,0x0000085e,0x0000085a,0x28000833,1,1,1,0,0,0,0,0,0,0,0,1,1,1,xaesksrd,useful_aes
340,0x0000085e,0x0000085a,0x28000833,0,1,1,0,0,0,1,0,0,0,0,1,0,0,xaesksrd,ifetch_miss
341,0x00000862,0x0000085e,0xe6870733,1,1,1,0,0,0,1,0,0,0,0,1,1,1,aes32esmi,useful_aes
342,0x00000862,0x0000085e,0xe6870733,0,1,1,0,0,0,0,0,0,0,0,1,0,0,aes32esmi,ifetch_miss
343,0x00000866,0x00000862,0xa68686b3,1,1,1,0,0,0,0,0,0,0,0,1,1,1,aes32esmi,useful_aes
344,0x00000866,0x00000862,0xa68686b3,0,1,1,0,0,0,0,0,0,0,0,1,0,0,aes32esmi,ifetch_miss
345,0x0000086a,0x00000866,0x66850533,1,1,1,0,0,0,0,0,0,0,0,1,1,1,aes32esmi,useful_aes
346,0x0000086a,0x00000866,0x66850533,0,1,1,0,0,0,0,0,0,0,0,1,0,0,aes32esmi,ifetch_miss
347,0x0000086e,0x0000086a,0x68000433,1,1,1,0,0,0,0,0,0,0,0,1,1,1,xaesksrd,useful_aes
348,0x0000086e,0x0000086a,0x68000433,0,1,1,0,0,0,1,0,0,0,0,1,0,0,xaesksrd,ifetch_miss
349,0x00000872,0x0000086e,0xe6f686b3,1,1,1,0,0,0,1,0,0,0,0,1,1,1,aes32esmi,useful_aes
350,0x00000872,0x0000086e,0xe6f686b3,0,1,1,0,0,0,0,0,0,0,0,1,0,0,aes32esmi,ifetch_miss
351,0x00000876,0x00000872,0xa6f50533,1,1,1,0,0,0,0,0,0,0,0,1,1,1,aes32esmi,useful_aes
352,0x00000876,0x00000872,0xa6f50533,0,1,1,0,0,0,0,0,0,0,0,1,0,0,aes32esmi,ifetch_miss
353,0x0000087a,0x00000876,0xa80007b3,1,1,1,0,0,0,0,0,0,0,0,1,1,1,xaesksrd,useful_aes
354,0x0000087a,0x00000876,0xa80007b3,0,1,1,0,0,0,1,0,0,0,0,1,0,0,xaesksrd,ifetch_miss
355,0x0000087e,0x0000087a,0xe6950533,1,1,1,0,0,0,1,0,0,0,0,1,1,1,aes32esmi,useful_aes
356,0x0000087e,0x0000087a,0xe6950533,0,1,1,0,0,0,0,0,0,0,0,1,0,0,aes32esmi,ifetch_miss
357,0x00000882,0x0000087e,0xe80008b3,1,1,1,0,0,0,0,0,0,0,0,1,1,1,xaesksrd,useful_aes
358,0x00000882,0x0000087e,0xe80008b3,0,1,1,0,0,0,1,0,0,0,0,1,0,0,xaesksrd,ifetch_miss
359,0x00000886,0x00000882,0x26b804b3,1,1,1,0,0,0,1,0,0,0,0,1,1,1,aes32esmi,useful_aes
360,0x00000886,0x00000882,0x26b804b3,0,1,1,0,0,0,0,0,0,0,0,1,0,0,aes32esmi,ifetch_miss
361,0x0000088a,0x00000886,0x20000033,1,1,1,0,0,0,0,0,0,0,0,1,1,1,xaeskse,useful_aes
362,0x0000088a,0x00000886,0x20000033,0,1,1,0,0,0,1,0,0,0,0,1,0,0,xaeskse,ifetch_miss
363,0x0000088e,0x0000088a,0x66e484b3,1,1,1,0,0,0,1,0,0,0,0,1,1,1,aes32esmi,useful_aes
364,0x0000088e,0x0000088a,0x66e484b3,0,1,1,0,0,0,0,0,0,0,0,1,0,0,aes32esmi,ifetch_miss
365,0x00000892,0x0000088e,0x26e40433,1,1,1,0,0,0,0,0,0,0,0,1,1,1,aes32esmi,useful_aes
366,0x00000892,0x0000088e,0x26e40433,0,1,1,0,0,0,0,0,0,0,0,1,0,0,aes32esmi,ifetch_miss
367,0x00000896,0x00000892,0xa6d484b3,1,1,1,0,0,0,0,0,0,0,0,1,1,1,aes32esmi,useful_aes
368,0x00000896,0x00000892,0xa6d484b3,0,1,1,0,0,0,0,0,0,0,0,1,0,0,aes32esmi,ifetch_miss
369,0x0000089a,0x00000896,0x66d40433,1,1,1,0,0,0,0,0,0,0,0,1,1,1,aes32esmi,useful_aes
370,0x0000089a,0x00000896,0x66d40433,0,1,1,0,0,0,0,0,0,0,0,1,0,0,aes32esmi,ifetch_miss
371,0x0000089e,0x0000089a,0x26d787b3,1,1,1,0,0,0,0,0,0,0,0,1,1,1,aes32esmi,useful_aes
372,0x0000089e,0x0000089a,0x26d787b3,0,1,1,0,0,0,0,0,0,0,0,1,0,0,aes32esmi,ifetch_miss
373,0x000008a2,0x0000089e,0xe6a484b3,1,1,1,0,0,0,0,0,0,0,0,1,1,1,aes32esmi,useful_aes
374,0x000008a2,0x0000089e,0xe6a484b3,0,1,1,0,0,0,0,0,0,0,0,1,0,0,aes32esmi,ifetch_miss
375,0x000008a6,0x000008a2,0xa6a40433,1,1,1,0,0,0,0,0,0,0,0,1,1,1,aes32esmi,useful_aes
376,0x000008a6,0x000008a2,0xa6a40433,0,1,1,0,0,0,0,0,0,0,0,1,0,0,aes32esmi,ifetch_miss
377,0x000008aa,0x000008a6,0x66a787b3,1,1,1,0,0,0,0,0,0,0,0,1,1,1,aes32esmi,useful_aes
378,0x000008aa,0x000008a6,0x66a787b3,0,1,1,0,0,0,0,0,0,0,0,1,0,0,aes32esmi,ifetch_miss
379,0x000008ae,0x000008aa,0x26a88533,1,1,1,0,0,0,0,0,0,0,0,1,1,1,aes32esmi,useful_aes
380,0x000008ae,0x000008aa,0x26a88533,0,1,1,0,0,0,0,0,0,0,0,1,0,0,aes32esmi,ifetch_miss
381,0x000008b2,0x000008ae,0x28000833,1,1,1,0,0,0,0,0,0,0,0,1,1,1,xaesksrd,useful_aes
382,0x000008b2,0x000008ae,0x28000833,0,1,1,0,0,0,1,0,0,0,0,1,0,0,xaesksrd,ifetch_miss
383,0x000008b6,0x000008b2,0xe6b40433,1,1,1,0,0,0,1,0,0,0,0,1,1,1,aes32esmi,useful_aes
384,0x000008b6,0x000008b2,0xe6b40433,0,1,1,0,0,0,0,0,0,0,0,1,0,0,aes32esmi,ifetch_miss
385,0x000008ba,0x000008b6,0xa6b787b3,1,1,1,0,0,0,0,0,0,0,0,1,1,1,aes32esmi,useful_aes
386,0x000008ba,0x000008b6,0xa6b787b3,0,1,1,0,0,0,0,0,0,0,0,1,0,0,aes32esmi,ifetch_miss
387,0x000008be,0x000008ba,0x66b50533,1,1,1,0,0,0,0,0,0,0,0,1,1,1,aes32esmi,useful_aes
388,0x000008be,0x000008ba,0x66b50533,0,1,1,0,0,0,0,0,0,0,0,1,0,0,aes32esmi,ifetch_miss
389,0x000008c2,0x000008be,0x680005b3,1,1,1,0,0,0,0,0,0,0,0,1,1,1,xaesksrd,useful_aes
390,0x000008c2,0x000008be,0x680005b3,0,1,1,0,0,0,1,0,0,0,0,1,0,0,xaesksrd,ifetch_miss
391,0x000008c6,0x000008c2,0xe6e787b3,1,1,1,0,0,0,1,0,0,0,0,1,1,1,aes32esmi,useful_aes
392,0x000008c6,0x000008c2,0xe6e787b3,0,1,1,0,0,0,0,0,0,0,0,1,0,0,aes32esmi,ifetch_miss
393,0x000008ca,0x000008c6,0xa6e50533,1,1,1,0,0,0,0,0,0,0,0,1,1,1,aes32esmi,useful_aes
394,0x000008ca,0x000008c6,0xa6e50533,0,1,1,0,0,0,0,0,0,0,0,1,0,0,aes32esmi,ifetch_miss
395,0x000008ce,0x000008ca,0xa8000733,1,1,1,0,0,0,0,0,0,0,0,1,1,1,xaesksrd,useful_aes
396,0x000008ce,0x000008ca,0xa8000733,0,1,1,0,0,0,1,0,0,0,0,1,0,0,xaesksrd,ifetch_miss
397,0x000008d2,0x000008ce,0xe6d50533,1,1,1,0,0,0,1,0,0,0,0,1,1,1,aes32esmi,useful_aes
398,0x000008d2,0x000008ce,0xe6d50533,0,1,1,0,0,0,0,0,0,0,0,1,0,0,aes32esmi,ifetch_miss
399,0x000008d6,0x000008d2,0xe80008b3,1,1,1,0,0,0,0,0,0,0,0,1,1,1,xaesksrd,useful_aes
400,0x000008d6,0x000008d2,0xe80008b3,0,1,1,0,0,0,1,0,0,0,0,1,0,0,xaesksrd,ifetch_miss
401,0x000008da,0x000008d6,0x269806b3,1,1,1,0,0,0,1,0,0,0,0,1,1,1,aes32esmi,useful_aes
402,0x000008da,0x000008d6,0x269806b3,0,1,1,0,0,0,0,0,0,0,0,1,0,0,aes32esmi,ifetch_miss
403,0x000008de,0x000008da,0x20000033,1,1,1,0,0,0,0,0,0,0,0,1,1,1,xaeskse,useful_aes
404,0x000008de,0x000008da,0x20000033,0,1,1,0,0,0,1,0,0,0,0,1,0,0,xaeskse,ifetch_miss
405,0x000008e2,0x000008de,0x668686b3,1,1,1,0,0,0,1,0,0,0,0,1,1,1,aes32esmi,useful_aes
406,0x000008e2,0x000008de,0x668686b3,0,1,1,0,0,0,0,0,0,0,0,1,0,0,aes32esmi,ifetch_miss
407,0x000008e6,0x000008e2,0x268585b3,1,1,1,0,0,0,0,0,0,0,0,1,1,1,aes32esmi,useful_aes
408,0x000008e6,0x000008e2,0x268585b3,0,1,1,0,0,0,0,0,0,0,0,1,0,0,aes32esmi,ifetch_miss
409,0x000008ea,0x000008e6,0xa6f686b3,1,1,1,0,0,0,0,0,0,0,0,1,1,1,aes32esmi,useful_aes
410,0x000008ea,0x000008e6,0xa6f686b3,0,1,1,0,0,0,0,0,0,0,0,1,0,0,aes32esmi,ifetch_miss
411,0x000008ee,0x000008ea,0x66f585b3,1,1,1,0,0,0,0,0,0,0,0,1,1,1,aes32esmi,useful_aes
412,0x000008ee,0x000008ea,0x66f585b3,0,1,1,0,0,0,0,0,0,0,0,1,0,0,aes32esmi,ifetch_miss
413,0x000008f2,0x000008ee,0x26f70733,1,1,1,0,0,0,0,0,0,0,0,1,1,1,aes32esmi,useful_aes
414,0x000008f2,0x000008ee,0x26f70733,0,1,1,0,0,0,0,0,0,0,0,1,0,0,aes32esmi,ifetch_miss
415,0x000008f6,0x000008f2,0xe6a686b3,1,1,1,0,0,0,0,0,0,0,0,1,1,1,aes32esmi,useful_aes
416,0x000008f6,0x000008f2,0xe6a686b3,0,1,1,0,0,0,0,0,0,0,0,1,0,0,aes32esmi,ifetch_miss
417,0x000008fa,0x000008f6,0xa6a585b3,1,1,1,0,0,0,0,0,0,0,0,1,1,1,aes32esmi,useful_aes
418,0x000008fa,0x000008f6,0xa6a585b3,0,1,1,0,0,0,0,0,0,0,0,1,0,0,aes32esmi,ifetch_miss
419,0x000008fe,0x000008fa,0x66a70733,1,1,1,0,0,0,0,0,0,0,0,1,1,1,aes32esmi,useful_aes
420,0x000008fe,0x000008fa,0x66a70733,0,1,1,0,0,0,0,0,0,0,0,1,0,0,aes32esmi,ifetch_miss
421,0x00000902,0x000008fe,0x26a88533,1,1,1,0,0,0,0,0,0,0,0,1,1,1,aes32esmi,useful_aes
422,0x00000902,0x000008fe,0x26a88533,0,1,1,0,0,0,0,0,0,0,0,1,0,0,aes32esmi,ifetch_miss
423,0x00000906,0x00000902,0x28000833,1,1,1,0,0,0,0,0,0,0,0,1,1,1,xaesksrd,useful_aes
424,0x00000906,0x00000902,0x28000833,0,1,1,0,0,0,1,0,0,0,0,1,0,0,xaesksrd,ifetch_miss
425,0x0000090a,0x00000906,0xe69585b3,1,1,1,0,0,0,1,0,0,0,0,1,1,1,aes32esmi,useful_aes
426,0x0000090a,0x00000906,0xe69585b3,0,1,1,0,0,0,0,0,0,0,0,1,0,0,aes32esmi,ifetch_miss
427,0x0000090e,0x0000090a,0xa6970733,1,1,1,0,0,0,0,0,0,0,0,1,1,1,aes32esmi,useful_aes
428,0x0000090e,0x0000090a,0xa6970733,0,1,1,0,0,0,0,0,0,0,0,1,0,0,aes32esmi,ifetch_miss
429,0x00000912,0x0000090e,0x66950533,1,1,1,0,0,0,0,0,0,0,0,1,1,1,aes32esmi,useful_aes
430,0x00000912,0x0000090e,0x66950533,0,1,1,0,0,0,0,0,0,0,0,1,0,0,aes32esmi,ifetch_miss
431,0x00000916,0x00000912,0x680004b3,1,1,1,0,0,0,0,0,0,0,0,1,1,1,xaesksrd,useful_aes
432,0x00000916,0x00000912,0x680004b3,0,1,1,0,0,0,1,0,0,0,0,1,0,0,xaesksrd,ifetch_miss
433,0x0000091a,0x00000916,0xe6870733,1,1,1,0,0,0,1,0,0,0,0,1,1,1,aes32esmi,useful_aes
434,0x0000091a,0x00000916,0xe6870733,0,1,1,0,0,0,0,0,0,0,0,1,0,0,aes32esmi,ifetch_miss
435,0x0000091e,0x0000091a,0xa6850533,1,1,1,0,0,0,0,0,0,0,0,1,1,1,aes32esmi,useful_aes
436,0x0000091e,0x0000091a,0xa6850533,0,1,1,0,0,0,0,0,0,0,0,1,0,0,aes32esmi,ifetch_miss
437,0x00000922,0x0000091e,0xa8000433,1,1,1,0,0,0,0,0,0,0,0,1,1,1,xaesksrd,useful_aes
438,0x00000922,0x0000091e,0xa8000433,0,1,1,0,0,0,1,0,0,0,0,1,0,0,xaesksrd,ifetch_miss
439,0x00000926,0x00000922,0xe6f50533,1,1,1,0,0,0,1,0,0,0,0,1,1,1,aes32esmi,useful_aes
440,0x00000926,0x00000922,0xe6f50533,0,1,1,0,0,0,0,0,0,0,0,1,0,0,aes32esmi,ifetch_miss
441,0x0000092a,0x00000926,0xe80008b3,1,1,1,0,0,0,0,0,0,0,0,1,1,1,xaesksrd,useful_aes
442,0x0000092a,0x00000926,0xe80008b3,0,1,1,0,0,0,1,0,0,0,0,1,0,0,xaesksrd,ifetch_miss
443,0x0000092e,0x0000092a,0x26d807b3,1,1,1,0,0,0,1,0,0,0,0,1,1,1,aes32esmi,useful_aes
444,0x0000092e,0x0000092a,0x26d807b3,0,1,1,0,0,0,0,0,0,0,0,1,0,0,aes32esmi,ifetch_miss
445,0x00000932,0x0000092e,0x20000033,1,1,1,0,0,0,0,0,0,0,0,1,1,1,xaeskse,useful_aes
446,0x00000932,0x0000092e,0x20000033,0,1,1,0,0,0,1,0,0,0,0,1,0,0,xaeskse,ifetch_miss
447,0x00000936,0x00000932,0x66b787b3,1,1,1,0,0,0,1,0,0,0,0,1,1,1,aes32esmi,useful_aes
448,0x00000936,0x00000932,0x66b787b3,0,1,1,0,0,0,0,0,0,0,0,1,0,0,aes32esmi,ifetch_miss
449,0x0000093a,0x00000936,0x26b484b3,1,1,1,0,0,0,0,0,0,0,0,1,1,1,aes32esmi,useful_aes
450,0x0000093a,0x00000936,0x26b484b3,0,1,1,0,0,0,0,0,0,0,0,1,0,0,aes32esmi,ifetch_miss
451,0x0000093e,0x0000093a,0xa6e787b3,1,1,1,0,0,0,0,0,0,0,0,1,1,1,aes32esmi,useful_aes
452,0x0000093e,0x0000093a,0xa6e787b3,0,1,1,0,0,0,0,0,0,0,0,1,0,0,aes32esmi,ifetch_miss
453,0x00000942,0x0000093e,0x66e484b3,1,1,1,0,0,0,0,0,0,0,0,1,1,1,aes32esmi,useful_aes
454,0x00000942,0x0000093e,0x66e484b3,0,1,1,0,0,0,0,0,0,0,0,1,0,0,aes32esmi,ifetch_miss
455,0x00000946,0x00000942,0x26e40433,1,1,1,0,0,0,0,0,0,0,0,1,1,1,aes32esmi,useful_aes
456,0x00000946,0x00000942,0x26e40433,0,1,1,0,0,0,0,0,0,0,0,1,0,0,aes32esmi,ifetch_miss
457,0x0000094a,0x00000946,0xe6a787b3,1,1,1,0,0,0,0,0,0,0,0,1,1,1,aes32esmi,useful_aes
458,0x0000094a,0x00000946,0xe6a787b3,0,1,1,0,0,0,0,0,0,0,0,1,0,0,aes32esmi,ifetch_miss
459,0x0000094e,0x0000094a,0xa6a484b3,1,1,1,0,0,0,0,0,0,0,0,1,1,1,aes32esmi,useful_aes
460,0x0000094e,0x0000094a,0xa6a484b3,0,1,1,0,0,0,0,0,0,0,0,1,0,0,aes32esmi,ifetch_miss
461,0x00000952,0x0000094e,0x66a40433,1,1,1,0,0,0,0,0,0,0,0,1,1,1,aes32esmi,useful_aes
462,0x00000952,0x0000094e,0x66a40433,0,1,1,0,0,0,0,0,0,0,0,1,0,0,aes32esmi,ifetch_miss
463,0x00000956,0x00000952,0x26a88533,1,1,1,0,0,0,0,0,0,0,0,1,1,1,aes32esmi,useful_aes
464,0x00000956,0x00000952,0x26a88533,0,1,1,0,0,0,0,0,0,0,0,1,0,0,aes32esmi,ifetch_miss
465,0x0000095a,0x00000956,0x28000833,1,1,1,0,0,0,0,0,0,0,0,1,1,1,xaesksrd,useful_aes
466,0x0000095a,0x00000956,0x28000833,0,1,1,0,0,0,1,0,0,0,0,1,0,0,xaesksrd,ifetch_miss
467,0x0000095e,0x0000095a,0xe6d484b3,1,1,1,0,0,0,1,0,0,0,0,1,1,1,aes32esmi,useful_aes
468,0x0000095e,0x0000095a,0xe6d484b3,0,1,1,0,0,0,0,0,0,0,0,1,0,0,aes32esmi,ifetch_miss
469,0x00000962,0x0000095e,0xa6d40433,1,1,1,0,0,0,0,0,0,0,0,1,1,1,aes32esmi,useful_aes
470,0x00000962,0x0000095e,0xa6d40433,0,1,1,0,0,0,0,0,0,0,0,1,0,0,aes32esmi,ifetch_miss
471,0x00000966,0x00000962,0x66d50533,1,1,1,0,0,0,0,0,0,0,0,1,1,1,aes32esmi,useful_aes
472,0x00000966,0x00000962,0x66d50533,0,1,1,0,0,0,0,0,0,0,0,1,0,0,aes32esmi,ifetch_miss
473,0x0000096a,0x00000966,0x680006b3,1,1,1,0,0,0,0,0,0,0,0,1,1,1,xaesksrd,useful_aes
474,0x0000096a,0x00000966,0x680006b3,0,1,1,0,0,0,1,0,0,0,0,1,0,0,xaesksrd,ifetch_miss
475,0x0000096e,0x0000096a,0xe6b40433,1,1,1,0,0,0,1,0,0,0,0,1,1,1,aes32esmi,useful_aes
476,0x0000096e,0x0000096a,0xe6b40433,0,1,1,0,0,0,0,0,0,0,0,1,0,0,aes32esmi,ifetch_miss
477,0x00000972,0x0000096e,0xa6b50533,1,1,1,0,0,0,0,0,0,0,0,1,1,1,aes32esmi,useful_aes
478,0x00000972,0x0000096e,0xa6b50533,0,1,1,0,0,0,0,0,0,0,0,1,0,0,aes32esmi,ifetch_miss
479,0x00000976,0x00000972,0xa80005b3,1,1,1,0,0,0,0,0,0,0,0,1,1,1,xaesksrd,useful_aes
480,0x00000976,0x00000972,0xa80005b3,0,1,1,0,0,0,1,0,0,0,0,1,0,0,xaesksrd,ifetch_miss
481,0x0000097a,0x00000976,0xe6e50533,1,1,1,0,0,0,1,0,0,0,0,1,1,1,aes32esmi,useful_aes
482,0x0000097a,0x00000976,0xe6e50533,0,1,1,0,0,0,0,0,0,0,0,1,0,0,aes32esmi,ifetch_miss
483,0x0000097e,0x0000097a,0xe80008b3,1,1,1,0,0,0,0,0,0,0,0,1,1,1,xaesksrd,useful_aes
484,0x0000097e,0x0000097a,0xe80008b3,0,1,1,0,0,0,1,0,0,0,0,1,0,0,xaesksrd,ifetch_miss
485,0x00000982,0x0000097e,0x26f80733,1,1,1,0,0,0,1,0,0,0,0,1,1,1,aes32esmi,useful_aes
486,0x00000982,0x0000097e,0x26f80733,0,1,1,0,0,0,0,0,0,0,0,1,0,0,aes32esmi,ifetch_miss
487,0x00000986,0x00000982,0x20000033,1,1,1,0,0,0,0,0,0,0,0,1,1,1,xaeskse,useful_aes
488,0x00000986,0x00000982,0x20000033,0,1,1,0,0,0,1,0,0,0,0,1,0,0,xaeskse,ifetch_miss
489,0x0000098a,0x00000986,0x66970733,1,1,1,0,0,0,1,0,0,0,0,1,1,1,aes32esmi,useful_aes
490,0x0000098a,0x00000986,0x66970733,0,1,1,0,0,0,0,0,0,0,0,1,0,0,aes32esmi,ifetch_miss
491,0x0000098e,0x0000098a,0x269686b3,1,1,1,0,0,0,0,0,0,0,0,1,1,1,aes32esmi,useful_aes
492,0x0000098e,0x0000098a,0x269686b3,0,1,1,0,0,0,0,0,0,0,0,1,0,0,aes32esmi,ifetch_miss
493,0x00000992,0x0000098e,0xa6870733,1,1,1,0,0,0,0,0,0,0,0,1,1,1,aes32esmi,useful_aes
494,0x00000992,0x0000098e,0xa6870733,0,1,1,0,0,0,0,0,0,0,0,1,0,0,aes32esmi,ifetch_miss
495,0x00000996,0x00000992,0x668686b3,1,1,1,0,0,0,0,0,0,0,0,1,1,1,aes32esmi,useful_aes
496,0x00000996,0x00000992,0x668686b3,0,1,1,0,0,0,0,0,0,0,0,1,0,0,aes32esmi,ifetch_miss
497,0x0000099a,0x00000996,0x268585b3,1,1,1,0,0,0,0,0,0,0,0,1,1,1,aes32esmi,useful_aes
498,0x0000099a,0x00000996,0x268585b3,0,1,1,0,0,0,0,0,0,0,0,1,0,0,aes32esmi,ifetch_miss
499,0x0000099e,0x0000099a,0xe6a70733,1,1,1,0,0,0,0,0,0,0,0,1,1,1,aes32esmi,useful_aes
500,0x0000099e,0x0000099a,0xe6a70733,0,1,1,0,0,0,0,0,0,0,0,1,0,0,aes32esmi,ifetch_miss
501,0x000009a2,0x0000099e,0xa6a686b3,1,1,1,0,0,0,0,0,0,0,0,1,1,1,aes32esmi,useful_aes
502,0x000009a2,0x0000099e,0xa6a686b3,0,1,1,0,0,0,0,0,0,0,0,1,0,0,aes32esmi,ifetch_miss
503,0x000009a6,0x000009a2,0x66a585b3,1,1,1,0,0,0,0,0,0,0,0,1,1,1,aes32esmi,useful_aes
504,0x000009a6,0x000009a2,0x66a585b3,0,1,1,0,0,0,0,0,0,0,0,1,0,0,aes32esmi,ifetch_miss
505,0x000009aa,0x000009a6,0x26a88533,1,1,1,0,0,0,0,0,0,0,0,1,1,1,aes32esmi,useful_aes
506,0x000009aa,0x000009a6,0x26a88533,0,1,1,0,0,0,0,0,0,0,0,1,0,0,aes32esmi,ifetch_miss
507,0x000009ae,0x000009aa,0x28000833,1,1,1,0,0,0,0,0,0,0,0,1,1,1,xaesksrd,useful_aes
508,0x000009ae,0x000009aa,0x28000833,0,1,1,0,0,0,1,0,0,0,0,1,0,0,xaesksrd,ifetch_miss
509,0x000009b2,0x000009ae,0xe6f686b3,1,1,1,0,0,0,1,0,0,0,0,1,1,1,aes32esmi,useful_aes
510,0x000009b2,0x000009ae,0xe6f686b3,0,1,1,0,0,0,0,0,0,0,0,1,0,0,aes32esmi,ifetch_miss
511,0x000009b6,0x000009b2,0xa6f585b3,1,1,1,0,0,0,0,0,0,0,0,1,1,1,aes32esmi,useful_aes
512,0x000009b6,0x000009b2,0xa6f585b3,0,1,1,0,0,0,0,0,0,0,0,1,0,0,aes32esmi,ifetch_miss
513,0x000009ba,0x000009b6,0x66f50533,1,1,1,0,0,0,0,0,0,0,0,1,1,1,aes32esmi,useful_aes
514,0x000009ba,0x000009b6,0x66f50533,0,1,1,0,0,0,0,0,0,0,0,1,0,0,aes32esmi,ifetch_miss
515,0x000009be,0x000009ba,0x680007b3,1,1,1,0,0,0,0,0,0,0,0,1,1,1,xaesksrd,useful_aes
516,0x000009be,0x000009ba,0x680007b3,0,1,1,0,0,0,1,0,0,0,0,1,0,0,xaesksrd,ifetch_miss
517,0x000009c2,0x000009be,0xe69585b3,1,1,1,0,0,0,1,0,0,0,0,1,1,1,aes32esmi,useful_aes
518,0x000009c2,0x000009be,0xe69585b3,0,1,1,0,0,0,0,0,0,0,0,1,0,0,aes32esmi,ifetch_miss
519,0x000009c6,0x000009c2,0xa6950533,1,1,1,0,0,0,0,0,0,0,0,1,1,1,aes32esmi,useful_aes
520,0x000009c6,0x000009c2,0xa6950533,0,1,1,0,0,0,0,0,0,0,0,1,0,0,aes32esmi,ifetch_miss
521,0x000009ca,0x000009c6,0xa80004b3,1,1,1,0,0,0,0,0,0,0,0,1,1,1,xaesksrd,useful_aes
522,0x000009ca,0x000009c6,0xa80004b3,0,1,1,0,0,0,1,0,0,0,0,1,0,0,xaesksrd,ifetch_miss
523,0x000009ce,0x000009ca,0xe6850533,1,1,1,0,0,0,1,0,0,0,0,1,1,1,aes32esmi,useful_aes
524,0x000009ce,0x000009ca,0xe6850533,0,1,1,0,0,0,0,0,0,0,0,1,0,0,aes32esmi,ifetch_miss
525,0x000009d2,0x000009ce,0xe80008b3,1,1,1,0,0,0,0,0,0,0,0,1,1,1,xaesksrd,useful_aes
526,0x000009d2,0x000009ce,0xe80008b3,0,1,1,0,0,0,1,0,0,0,0,1,0,0,xaesksrd,ifetch_miss
527,0x000009d6,0x000009d2,0x26e80433,1,1,1,0,0,0,1,0,0,0,0,1,1,1,aes32esmi,useful_aes
528,0x000009d6,0x000009d2,0x26e80433,0,1,1,0,0,0,0,0,0,0,0,1,0,0,aes32esmi,ifetch_miss
529,0x000009da,0x000009d6,0x20000033,1,1,1,0,0,0,0,0,0,0,0,1,1,1,xaeskse,useful_aes
530,0x000009da,0x000009d6,0x20000033,0,1,1,0,0,0,1,0,0,0,0,1,0,0,xaeskse,ifetch_miss
531,0x000009de,0x000009da,0x66d40433,1,1,1,0,0,0,1,0,0,0,0,1,1,1,aes32esmi,useful_aes
532,0x000009de,0x000009da,0x66d40433,0,1,1,0,0,0,0,0,0,0,0,1,0,0,aes32esmi,ifetch_miss
533,0x000009e2,0x000009de,0x26d787b3,1,1,1,0,0,0,0,0,0,0,0,1,1,1,aes32esmi,useful_aes
534,0x000009e2,0x000009de,0x26d787b3,0,1,1,0,0,0,0,0,0,0,0,1,0,0,aes32esmi,ifetch_miss
535,0x000009e6,0x000009e2,0xa6b40433,1,1,1,0,0,0,0,0,0,0,0,1,1,1,aes32esmi,useful_aes
536,0x000009e6,0x000009e2,0xa6b40433,0,1,1,0,0,0,0,0,0,0,0,1,0,0,aes32esmi,ifetch_miss
537,0x000009ea,0x000009e6,0x66b787b3,1,1,1,0,0,0,0,0,0,0,0,1,1,1,aes32esmi,useful_aes
538,0x000009ea,0x000009e6,0x66b787b3,0,1,1,0,0,0,0,0,0,0,0,1,0,0,aes32esmi,ifetch_miss
539,0x000009ee,0x000009ea,0x26b484b3,1,1,1,0,0,0,0,0,0,0,0,1,1,1,aes32esmi,useful_aes
540,0x000009ee,0x000009ea,0x26b484b3,0,1,1,0,0,0,0,0,0,0,0,1,0,0,aes32esmi,ifetch_miss
541,0x000009f2,0x000009ee,0xe6a40433,1,1,1,0,0,0,0,0,0,0,0,1,1,1,aes32esmi,useful_aes
542,0x000009f2,0x000009ee,0xe6a40433,0,1,1,0,0,0,0,0,0,0,0,1,0,0,aes32esmi,ifetch_miss
543,0x000009f6,0x000009f2,0xa6a787b3,1,1,1,0,0,0,0,0,0,0,0,1,1,1,aes32esmi,useful_aes
544,0x000009f6,0x000009f2,0xa6a787b3,0,1,1,0,0,0,0,0,0,0,0,1,0,0,aes32esmi,ifetch_miss
545,0x000009fa,0x000009f6,0x66a484b3,1,1,1,0,0,0,0,0,0,0,0,1,1,1,aes32esmi,useful_aes
546,0x000009fa,0x000009f6,0x66a484b3,0,1,1,0,0,0,0,0,0,0,0,1,0,0,aes32esmi,ifetch_miss
547,0x000009fe,0x000009fa,0x26a88533,1,1,1,0,0,0,0,0,0,0,0,1,1,1,aes32esmi,useful_aes
548,0x000009fe,0x000009fa,0x26a88533,0,1,1,0,0,0,0,0,0,0,0,1,0,0,aes32esmi,ifetch_miss
549,0x00000a02,0x000009fe,0x28000833,1,1,1,0,0,0,0,0,0,0,0,1,1,1,xaesksrd,useful_aes
550,0x00000a02,0x000009fe,0x28000833,0,1,1,0,0,0,1,0,0,0,0,1,0,0,xaesksrd,ifetch_miss
551,0x00000a06,0x00000a02,0xe6e787b3,1,1,1,0,0,0,1,0,0,0,0,1,1,1,aes32esmi,useful_aes
552,0x00000a06,0x00000a02,0xe6e787b3,0,1,1,0,0,0,0,0,0,0,0,1,0,0,aes32esmi,ifetch_miss
553,0x00000a0a,0x00000a06,0xa6e484b3,1,1,1,0,0,0,0,0,0,0,0,1,1,1,aes32esmi,useful_aes
554,0x00000a0a,0x00000a06,0xa6e484b3,0,1,1,0,0,0,0,0,0,0,0,1,0,0,aes32esmi,ifetch_miss
555,0x00000a0e,0x00000a0a,0x66e50533,1,1,1,0,0,0,0,0,0,0,0,1,1,1,aes32esmi,useful_aes
556,0x00000a0e,0x00000a0a,0x66e50533,0,1,1,0,0,0,0,0,0,0,0,1,0,0,aes32esmi,ifetch_miss
557,0x00000a12,0x00000a0e,0x68000733,1,1,1,0,0,0,0,0,0,0,0,1,1,1,xaesksrd,useful_aes
558,0x00000a12,0x00000a0e,0x68000733,0,1,1,0,0,0,1,0,0,0,0,1,0,0,xaesksrd,ifetch_miss
559,0x00000a16,0x00000a12,0xe6d484b3,1,1,1,0,0,0,1,0,0,0,0,1,1,1,aes32esmi,useful_aes
560,0x00000a16,0x00000a12,0xe6d484b3,0,1,1,0,0,0,0,0,0,0,0,1,0,0,aes32esmi,ifetch_miss
561,0x00000a1a,0x00000a16,0xa6d50533,1,1,1,0,0,0,0,0,0,0,0,1,1,1,aes32esmi,useful_aes
562,0x00000a1a,0x00000a16,0xa6d50533,0,1,1,0,0,0,0,0,0,0,0,1,0,0,aes32esmi,ifetch_miss
563,0x00000a1e,0x00000a1a,0xa80006b3,1,1,1,0,0,0,0,0,0,0,0,1,1,1,xaesksrd,useful_aes
564,0x00000a1e,0x00000a1a,0xa80006b3,0,1,1,0,0,0,1,0,0,0,0,1,0,0,xaesksrd,ifetch_miss
565,0x00000a22,0x00000a1e,0xe6b50533,1,1,1,0,0,0,1,0,0,0,0,1,1,1,aes32esmi,useful_aes
566,0x00000a22,0x00000a1e,0xe6b50533,0,1,1,0,0,0,0,0,0,0,0,1,0,0,aes32esmi,ifetch_miss
567,0x00000a26,0x00000a22,0xe80008b3,1,1,1,0,0,0,0,0,0,0,0,1,1,1,xaesksrd,useful_aes
568,0x00000a26,0x00000a22,0xe80008b3,0,1,1,0,0,0,1,0,0,0,0,1,0,0,xaesksrd,ifetch_miss
569,0x00000a2a,0x00000a26,0x228805b3,1,1,1,0,0,0,1,0,0,0,0,1,1,1,aes32esi,useful_aes
570,0x00000a2a,0x00000a26,0x228805b3,0,1,1,0,0,0,0,0,0,0,0,1,0,0,aes32esi,ifetch_miss
571,0x00000a2e,0x00000a2a,0x62f585b3,1,1,1,0,0,0,0,0,0,0,0,1,1,1,aes32esi,useful_aes
572,0x00000a2e,0x00000a2a,0x62f585b3,0,1,1,0,0,0,0,0,0,0,0,1,0,0,aes32esi,ifetch_miss
573,0x00000a32,0x00000a2e,0x22f70733,1,1,1,0,0,0,0,0,0,0,0,1,1,1,aes32esi,useful_aes
574,0x00000a32,0x00000a2e,0x22f70733,0,1,1,0,0,0,0,0,0,0,0,1,0,0,aes32esi,ifetch_miss
575,0x00000a36,0x00000a32,0xa29585b3,1,1,1,0,0,0,0,0,0,0,0,1,1,1,aes32esi,useful_aes
576,0x00000a36,0x00000a32,0xa29585b3,0,1,1,0,0,0,0,0,0,0,0,1,0,0,aes32esi,ifetch_miss
577,0x00000a3a,0x00000a36,0x62970733,1,1,1,0,0,0,0,0,0,0,0,1,1,1,aes32esi,useful_aes
578,0x00000a3a,0x00000a36,0x62970733,0,1,1,0,0,0,0,0,0,0,0,1,0,0,aes32esi,ifetch_miss
579,0x00000a3e,0x00000a3a,0x229686b3,1,1,1,0,0,0,0,0,0,0,0,1,1,1,aes32esi,useful_aes
580,0x00000a3e,0x00000a3a,0x229686b3,0,1,1,0,0,0,0,0,0,0,0,1,0,0,aes32esi,ifetch_miss
581,0x00000a42,0x00000a3e,0xe2a585b3,1,1,1,0,0,0,0,0,0,0,0,1,1,1,aes32esi,useful_aes
582,0x00000a42,0x00000a3e,0xe2a585b3,0,1,1,0,0,0,0,0,0,0,0,1,0,0,aes32esi,ifetch_miss
583,0x00000a46,0x00000a42,0xa2a70733,1,1,1,0,0,0,0,0,0,0,0,1,1,1,aes32esi,useful_aes
584,0x00000a46,0x00000a42,0xa2a70733,0,1,1,0,0,0,0,0,0,0,0,1,0,0,aes32esi,ifetch_miss
585,0x00000a4a,0x00000a46,0x62a686b3,1,1,1,0,0,0,0,0,0,0,0,1,1,1,aes32esi,useful_aes
586,0x00000a4a,0x00000a46,0x62a686b3,0,1,1,0,0,0,0,0,0,0,0,1,0,0,aes32esi,ifetch_miss
587,0x00000a4e,0x00000a4a,0x22a88533,1,1,1,0,0,0,0,0,0,0,0,1,1,1,aes32esi,useful_aes
588,0x00000a4e,0x00000a4a,0x22a88533,0,1,1,0,0,0,0,0,0,0,0,1,0,0,aes32esi,ifetch_miss
589,0x00000a52,0x00000a4e,0xe2870733,1,1,1,0,0,0,0,0,0,0,0,1,1,1,aes32esi,useful_aes
590,0x00000a52,0x00000a4e,0xe2870733,0,1,1,0,0,0,0,0,0,0,0,1,0,0,aes32esi,ifetch_miss
591,0x00000a56,0x00000a52,0xa28686b3,1,1,1,0,0,0,0,0,0,0,0,1,1,1,aes32esi,useful_aes
592,0x00000a56,0x00000a52,0xa28686b3,0,1,1,0,0,0,0,0,0,0,0,1,0,0,aes32esi,ifetch_miss
593,0x00000a5a,0x00000a56,0x62850533,1,1,1,0,0,0,0,0,0,0,0,1,1,1,aes32esi,useful_aes
594,0x00000a5a,0x00000a56,0x62850533,0,1,1,0,0,0,0,0,0,0,0,1,0,0,aes32esi,ifetch_miss
595,0x00000a5e,0x00000a5a,0x0185d813,1,1,1,0,0,0,0,0,0,0,0,1,1,1,srli,useful_other
596,0x00000a5e,0x00000a5a,0x0185d813,0,1,1,0,0,0,0,0,0,0,0,1,0,0,srli,ifetch_miss
597,0x00000a62,0x00000a5e,0x0105d413,1,1,1,0,0,0,0,0,0,0,0,1,1,1,srli,useful_other
598,0x00000a62,0x00000a5e,0x0105d413,0,1,1,0,0,0,0,0,0,0,0,1,0,0,srli,ifetch_miss
599,0x00000a66,0x00000a62,0xe2f686b3,1,1,1,0,0,0,0,0,0,0,0,1,1,1,aes32esi,useful_aes
600,0x00000a66,0x00000a62,0xe2f686b3,0,1,1,0,0,0,0,0,0,0,0,1,0,0,aes32esi,ifetch_miss
601,0x00000a6a,0x00000a66,0xa2f50533,1,1,1,0,0,0,0,0,0,0,0,1,1,1,aes32esi,useful_aes
602,0x00000a6a,0x00000a66,0xa2f50533,0,1,1,0,0,0,0,0,0,0,0,1,0,0,aes32esi,ifetch_miss
603,0x00000a6e,0x00000a6a,0x0085d793,1,1,1,0,0,0,0,0,0,0,0,1,1,1,srli,useful_other
604,0x00000a6e,0x00000a6a,0x0085d793,0,1,1,0,0,0,0,0,0,0,0,1,0,0,srli,ifetch_miss
605,0x00000a72,0x00000a6e,0x00b60023,1,1,1,0,0,0,0,0,0,0,0,1,1,1,sb,useful_other
606,0x00000a72,0x00000a6e,0x00b60023,0,1,1,0,0,0,0,0,1,1,0,1,0,0,sb,ifetch_miss
607,0x00000a76,0x00000a72,0x00f600a3,1,1,1,0,0,0,0,0,0,0,1,1,1,1,sb,useful_other
608,0x00000a76,0x00000a72,0x00f600a3,0,1,1,0,0,0,0,0,1,1,0,1,0,0,sb,ifetch_miss
609,0x00000a7a,0x00000a76,0x00860123,1,1,1,0,0,0,0,0,0,0,1,1,1,1,sb,useful_other
610,0x00000a7a,0x00000a76,0x00860123,0,1,1,0,0,0,0,0,1,1,0,1,0,0,sb,ifetch_miss
611,0x00000a7e,0x00000a7a,0x010601a3,1,1,1,0,0,0,0,0,0,0,1,1,1,1,sb,useful_other
612,0x00000a7e,0x00000a7a,0x010601a3,0,1,1,0,0,0,0,0,1,1,0,1,0,0,sb,ifetch_miss
613,0x00000a82,0x00000a7e,0x01875593,1,1,1,0,0,0,0,0,0,0,1,1,1,1,srli,useful_other
614,0x00000a82,0x00000a7e,0x01875593,0,1,1,0,0,0,0,0,0,0,0,1,0,0,srli,ifetch_miss
615,0x00000a86,0x00000a82,0x01075793,1,1,1,0,0,0,0,0,0,0,0,1,1,1,srli,useful_other
616,0x00000a86,0x00000a82,0x01075793,0,1,1,0,0,0,0,0,0,0,0,1,0,0,srli,ifetch_miss
617,0x00000a8a,0x00000a86,0x00875413,1,1,1,0,0,0,0,0,0,0,0,1,1,1,srli,useful_other
618,0x00000a8a,0x00000a86,0x00875413,0,1,1,0,0,0,0,0,0,0,0,1,0,0,srli,ifetch_miss
619,0x00000a8e,0x00000a8a,0xe2950533,1,1,1,0,0,0,0,0,0,0,0,1,1,1,aes32esi,useful_aes
620,0x00000a8e,0x00000a8a,0xe2950533,0,1,1,0,0,0,0,0,0,0,0,1,0,0,aes32esi,ifetch_miss
621,0x00000a92,0x00000a8e,0x00e60223,1,1,1,0,0,0,0,0,0,0,0,1,1,1,sb,useful_other
622,0x00000a92,0x00000a8e,0x00e60223,0,1,1,0,0,0,0,0,1,1,0,1,0,0,sb,ifetch_miss
623,0x00000a96,0x00000a92,0x008602a3,1,1,1,0,0,0,0,0,0,0,1,1,1,1,sb,useful_other
624,0x00000a96,0x00000a92,0x008602a3,0,1,1,0,0,0,0,0,1,1,0,1,0,0,sb,ifetch_miss
625,0x00000a9a,0x00000a96,0x00f60323,1,1,1,0,0,0,0,0,0,0,1,1,1,1,sb,useful_other
626,0x00000a9a,0x00000a96,0x00f60323,0,1,1,0,0,0,0,0,1,1,0,1,0,0,sb,ifetch_miss
627,0x00000a9e,0x00000a9a,0x00b603a3,1,1,1,0,0,0,0,0,0,0,1,1,1,1,sb,useful_other
628,0x00000a9e,0x00000a9a,0x00b603a3,0,1,1,0,0,0,0,0,1,1,0,1,0,0,sb,ifetch_miss
629,0x00000aa2,0x00000a9e,0x0186d593,1,1,1,0,0,0,0,0,0,0,1,1,1,1,srli,useful_other
630,0x00000aa2,0x00000a9e,0x0186d593,0,1,1,0,0,0,0,0,0,0,0,1,0,0,srli,ifetch_miss
631,0x00000aa6,0x00000aa2,0x0106d713,1,1,1,0,0,0,0,0,0,0,0,1,1,1,srli,useful_other
632,0x00000aa6,0x00000aa2,0x0106d713,0,1,1,0,0,0,0,0,0,0,0,1,0,0,srli,ifetch_miss
633,0x00000aaa,0x00000aa6,0x0086d793,1,1,1,0,0,0,0,0,0,0,0,1,1,1,srli,useful_other
634,0x00000aaa,0x00000aa6,0x0086d793,0,1,1,0,0,0,0,0,0,0,0,1,0,0,srli,ifetch_miss
635,0x00000aae,0x00000aaa,0x00d60423,1,1,1,0,0,0,0,0,0,0,0,1,1,1,sb,useful_other
636,0x00000aae,0x00000aaa,0x00d60423,0,1,1,0,0,0,0,0,1,1,0,1,0,0,sb,ifetch_miss
637,0x00000ab2,0x00000aae,0x00f604a3,1,1,1,0,0,0,0,0,0,0,1,1,1,1,sb,useful_other
638,0x00000ab2,0x00000aae,0x00f604a3,0,1,1,0,0,0,0,0,1,1,0,1,0,0,sb,ifetch_miss
639,0x00000ab6,0x00000ab2,0x00e60523,1,1,1,0,0,0,0,0,0,0,1,1,1,1,sb,useful_other
640,0x00000ab6,0x00000ab2,0x00e60523,0,1,1,0,0,0,0,0,1,1,0,1,0,0,sb,ifetch_miss
641,0x00000aba,0x00000ab6,0x00b605a3,1,1,1,0,0,0,0,0,0,0,1,1,1,1,sb,useful_other
642,0x00000aba,0x00000ab6,0x00b605a3,0,1,1,0,0,0,0,0,1,1,0,1,0,0,sb,ifetch_miss
643,0x00000abe,0x00000aba,0x01855593,1,1,1,0,0,0,0,0,0,0,1,1,1,1,srli,useful_other
644,0x00000abe,0x00000aba,0x01855593,0,1,1,0,0,0,0,0,0,0,0,1,0,0,srli,ifetch_miss
645,0x00000ac2,0x00000abe,0x01055693,1,1,1,0,0,0,0,0,0,0,0,1,1,1,srli,useful_other
646,0x00000ac2,0x00000abe,0x01055693,0,1,1,0,0,0,0,0,0,0,0,1,0,0,srli,ifetch_miss
647,0x00000ac6,0x00000ac2,0x00855713,1,1,1,0,0,0,0,0,0,0,0,1,1,1,srli,useful_other
648,0x00000ac6,0x00000ac2,0x00855713,0,1,1,0,0,0,0,0,0,0,0,1,0,0,srli,ifetch_miss
649,0x00000aca,0x00000ac6,0x00a60623,1,1,1,0,0,0,0,0,0,0,0,1,1,1,sb,useful_other
650,0x00000aca,0x00000ac6,0x00a60623,0,1,1,0,0,0,0,0,1,1,0,1,0,0,sb,ifetch_miss
651,0x00000ace,0x00000aca,0x00e606a3,1,1,1,0,0,0,0,0,0,0,1,1,1,1,sb,useful_other
652,0x00000ace,0x00000aca,0x00e606a3,0,1,1,0,0,0,0,0,1,1,0,1,0,0,sb,ifetch_miss
653,0x00000ad2,0x00000ace,0x00d60723,1,1,1,0,0,0,0,0,0,0,1,1,1,1,sb,useful_other
654,0x00000ad2,0x00000ace,0x00d60723,0,1,1,0,0,0,0,0,1,1,0,1,0,0,sb,ifetch_miss
655,0x00000ad6,0x00000ad2,0x00b607a3,1,1,1,0,0,0,0,0,0,0,1,1,1,1,sb,useful_other
656,0x00000ad6,0x00000ad2,0x00b607a3,0,1,1,0,0,0,0,0,1,1,0,1,0,0,sb,ifetch_miss
657,0x00000ad8,0x00000ad6,0x01c12403,1,1,1,0,0,0,0,0,0,0,1,1,0,1,lw,useful_other
658,0x00000ada,0x00000ad8,0x01812483,1,1,1,0,0,0,0,0,1,1,0,1,0,1,lw,useful_other
659,0x00000adc,0x00000ada,0x01412903,1,0,0,0,0,0,0,0,1,0,0,1,0,1,lw,mem_stall
660,0x00000adc,0x00000ada,0x01412903,1,1,1,0,0,0,0,0,1,1,1,1,0,1,lw,useful_other
661,0x00000ade,0x00000adc,0x01012983,1,0,0,0,0,0,0,0,1,0,0,1,0,1,lw,mem_stall
662,0x00000ade,0x00000adc,0x01012983,1,1,1,0,0,0,0,0,1,1,1,1,0,1,lw,useful_other
663,0x00000ae0,0x00000ade,0x00c12a03,1,0,0,0,0,0,0,0,1,0,0,1,0,1,lw,mem_stall
664,0x00000ae0,0x00000ade,0x00c12a03,1,1,1,0,0,0,0,0,1,1,1,0,0,1,lw,useful_other
665,0x00000ae2,0x00000ae0,0x00812a83,1,0,0,0,0,0,0,0,1,0,0,1,0,1,lw,mem_stall
666,0x00000ae2,0x00000ae0,0x00812a83,1,1,1,0,0,0,0,0,1,1,1,1,0,1,lw,useful_other
667,0x00000ae4,0x00000ae2,0x00412b03,1,0,0,0,0,0,0,0,1,0,0,1,0,1,lw,mem_stall
668,0x00000ae4,0x00000ae2,0x00412b03,1,1,1,0,0,0,0,0,1,1,1,0,0,1,lw,useful_other
669,0x00000ae6,0x00000ae4,0x00012b83,1,0,0,0,0,0,0,0,1,0,0,1,0,1,lw,mem_stall
670,0x00000ae6,0x00000ae4,0x00012b83,1,1,1,0,0,0,0,0,1,1,1,1,0,1,lw,useful_other
671,0x00000ae8,0x00000ae6,0x02010113,1,0,0,0,0,0,0,0,1,0,0,1,0,1,addi,mem_stall
672,0x00000ae8,0x00000ae6,0x02010113,1,1,1,0,0,0,0,0,1,1,1,0,0,1,addi,useful_other
673,0x00000aea,0x00000ae8,0x00008067,1,0,0,0,0,0,0,1,0,0,0,1,0,1,jalr,jump_redirect
674,0x00000b62,0x00000ae8,0x00008067,1,1,1,0,0,0,0,0,0,0,1,1,1,1,jalr,useful_other
675,0x00000b62,0x00000ae8,0x00008067,0,1,1,0,0,0,0,0,0,0,0,1,0,0,jalr,ifetch_miss
676,0x00000b62,0x00000ae8,0x00008067,0,1,1,0,0,0,0,0,0,0,0,1,1,0,jalr,ifetch_miss
677,0x00000b62,0x00000ae8,0x00008067,0,1,1,0,0,0,0,0,0,0,0,1,0,0,jalr,ifetch_miss
678,0x00000b66,0x00000b62,0xfba51537,1,1,1,0,0,0,0,0,0,0,0,1,1,1,lui,useful_other
679,0x00000b66,0x00000b62,0xfba51537,0,1,1,0,0,0,0,0,0,0,0,1,0,0,lui,ifetch_miss
680,0x00000b6a,0x00000b66,0x714bf5b7,1,1,1,0,0,0,0,0,0,0,0,1,1,1,lui,useful_other
681,0x00000b6a,0x00000b66,0x714bf5b7,0,1,1,0,0,0,0,0,0,0,0,1,0,0,lui,ifetch_miss
682,0x00000b6e,0x00000b6a,0x2e25b637,1,1,1,0,0,0,0,0,0,0,0,1,1,1,lui,useful_other
683,0x00000b6e,0x00000b6a,0x2e25b637,0,1,1,0,0,0,0,0,0,0,0,1,0,0,lui,ifetch_miss
684,0x00000b72,0x00000b6e,0xaaf916b7,1,1,1,0,0,0,0,0,0,0,0,1,1,1,lui,useful_other
685,0x00000b72,0x00000b6e,0xaaf916b7,0,1,1,0,0,0,0,0,0,0,0,1,0,0,lui,ifetch_miss
686,0x00000b76,0x00000b72,0x91450513,1,1,1,0,0,0,0,0,0,0,0,1,1,1,addi,useful_other
687,0x00000b76,0x00000b72,0x91450513,0,1,1,0,0,0,0,0,0,0,0,1,0,0,addi,ifetch_miss
688,0x00000b7a,0x00000b76,0x41f58593,1,1,1,0,0,0,0,0,0,0,0,1,1,1,addi,useful_other
689,0x00000b7a,0x00000b76,0x41f58593,0,1,1,0,0,0,0,0,0,0,0,1,0,0,addi,ifetch_miss
690,0x00000b7e,0x00000b7a,0xabe60613,1,1,1,0,0,0,0,0,0,0,0,1,1,1,addi,useful_other
691,0x00000b7e,0x00000b7a,0xabe60613,0,1,1,0,0,0,0,0,0,0,0,1,0,0,addi,ifetch_miss
692,0x00000b82,0x00000b7e,0x80f68693,1,1,1,0,0,0,0,0,0,0,0,1,1,1,addi,useful_other
693,0x00000b82,0x00000b7e,0x80f68693,0,1,1,0,0,0,0,0,0,0,0,1,0,0,addi,ifetch_miss
694,0x00000b84,0x00000b82,0x02a42823,1,1,1,0,0,0,0,0,0,0,0,1,0,1,sw,useful_other
695,0x00000b86,0x00000b84,0x02b42a23,1,1,1,0,0,0,0,0,1,1,0,1,0,1,sw,useful_other
696,0x00000b88,0x00000b86,0x02c42c23,1,1,1,0,0,0,0,0,1,1,1,1,0,1,sw,useful_other
697,0x00000b8a,0x00000b88,0x02d42e23,1,1,1,0,0,0,0,0,1,1,1,1,0,1,sw,useful_other
698,0x00000b8c,0x00000b8a,0x00412503,1,1,1,0,0,0,0,0,1,1,1,1,0,1,lw,useful_other
699,0x00000b8e,0x00000b8c,0x04a42023,1,0,1,1,0,0,0,0,1,1,1,1,0,1,sw,load_use_stall
700,0x00000b8e,0x00000b8c,0x04a42023,1,0,0,1,0,0,0,0,0,0,0,1,0,1,sw,load_use_stall
701,0x00000b8e,0x00000b8c,0x04a42023,1,1,1,0,0,0,0,0,0,0,1,1,0,1,sw,useful_other
702,0x00000b90,0x00000b8e,0x00812503,1,1,1,0,0,0,0,0,1,1,0,0,0,1,lw,useful_other
703,0x00000b92,0x00000b90,0x04a42223,1,0,1,1,0,0,0,0,1,1,1,1,0,1,sw,load_use_stall
704,0x00000b92,0x00000b90,0x04a42223,1,0,0,1,0,0,0,0,0,0,0,1,0,1,sw,load_use_stall
705,0x00000b92,0x00000b90,0x04a42223,1,1,1,0,0,0,0,0,0,0,1,1,0,1,sw,useful_other
706,0x00000b94,0x00000b92,0x00c12503,1,1,1,0,0,0,0,0,1,1,0,0,0,1,lw,useful_other
707,0x00000b96,0x00000b94,0x04a42423,1,0,1,1,0,0,0,0,1,1,1,1,0,1,sw,load_use_stall
708,0x00000b96,0x00000b94,0x04a42423,1,0,0,1,0,0,0,0,0,0,0,1,0,1,sw,load_use_stall
709,0x00000b96,0x00000b94,0x04a42423,1,1,1,0,0,0,0,0,0,0,1,1,0,1,sw,useful_other
710,0x00000b98,0x00000b96,0x01012583,1,1,1,0,0,0,0,0,1,1,0,0,0,1,lw,useful_other
711,0x00000b9a,0x00000b98,0x01000513,1,1,1,0,0,0,0,0,1,1,1,1,0,1,addi,useful_other
712,0x00000b9e,0x00000b9a,0x00100637,1,0,0,0,0,0,0,0,0,0,0,1,1,1,lui,pipeline_backpressure
713,0x00000b9e,0x00000b9a,0x00100637,1,1,1,0,0,0,0,0,0,0,1,1,0,1,lui,useful_other
714,0x00000ba2,0x00000b9e,0x11060613,1,1,1,0,0,0,0,0,0,0,0,1,1,1,addi,useful_other
715,0x00000ba2,0x00000b9e,0x11060613,0,1,1,0,0,0,0,0,0,0,0,1,0,0,addi,ifetch_miss
716,0x00000ba6,0x00000ba2,0xbaaab6b7,1,1,1,0,0,0,0,0,0,0,0,1,1,1,lui,useful_other
717,0x00000ba6,0x00000ba2,0xbaaab6b7,0,1,1,0,0,0,0,0,0,0,0,1,0,0,lui,ifetch_miss
718,0x00000ba8,0x00000ba6,0x04b42623,1,1,1,0,0,0,0,0,0,0,0,1,0,1,sw,useful_other
719,0x00000bac,0x00000ba8,0xcafec737,1,1,1,0,0,0,0,0,1,1,0,1,0,1,lui,useful_other
720,0x00000bb0,0x00000bac,0xaad68593,1,1,1,0,0,0,0,0,0,0,1,1,1,1,addi,useful_other
721,0x00000bb0,0x00000bac,0xaad68593,0,1,1,0,0,0,0,0,0,0,0,1,0,0,addi,ifetch_miss
722,0x00000bb4,0x00000bb0,0xabe70693,1,1,1,0,0,0,0,0,0,0,0,1,1,1,addi,useful_other
723,0x00000bb4,0x00000bb0,0xabe70693,0,1,1,0,0,0,0,0,0,0,0,1,0,0,addi,ifetch_miss
724,0x00000bb8,0x00000bb4,0x0004c703,1,1,1,0,0,0,0,0,0,0,0,1,1,1,lbu,useful_other
725,0x00000bb8,0x00000bb4,0x0004c703,0,1,1,0,0,0,0,0,1,1,0,1,0,0,lbu,ifetch_miss
726,0x00000bbc,0x00000bb8,0x00064783,1,0,0,0,0,0,0,0,0,0,0,1,1,1,lbu,pipeline_backpressure
727,0x00000bbc,0x00000bb8,0x00064783,1,1,1,0,0,0,0,0,0,0,1,1,0,1,lbu,useful_other
728,0x00000bc0,0x00000bbc,0x00f71763,1,0,1,1,0,0,0,0,1,1,0,1,1,1,bne,load_use_stall
729,0x00000bc0,0x00000bbc,0x00f71763,1,0,0,1,0,0,0,0,0,0,0,1,0,1,bne,load_use_stall
730,0x00000bc0,0x00000bbc,0x00f71763,1,1,1,0,0,0,0,0,0,0,1,1,0,1,bne,useful_other
731,0x00000bc2,0x00000bc0,0xfff50513,1,1,1,0,0,0,0,0,0,0,0,1,0,1,addi,useful_other
732,0x00000bc4,0x00000bc2,0x00160613,1,1,1,0,0,0,0,0,0,0,0,1,0,1,addi,useful_other
733,0x00000bc6,0x00000bc4,0x00148493,1,1,1,0,0,0,0,0,0,0,0,1,0,1,addi,useful_other
734,0x00000bc8,0x00000bc6,0xfe0517e3,1,1,1,0,0,0,0,0,0,0,0,1,0,1,bne,useful_other
735,0x00000bca,0x00000bc8,0x00d005b3,0,1,1,0,0,0,1,1,0,0,0,1,0,1,add,branch_penalty
736,0x00000bb4,0x00000bc8,0x00d005b3,0,1,1,0,0,0,1,0,0,0,0,1,1,0,add,ifetch_miss
737,0x00000bb4,0x00000bc8,0x00d005b3,0,1,1,0,0,0,1,0,0,0,0,1,0,0,add,ifetch_miss
738,0x00000bb8,0x00000bb4,0x0004c703,1,1,1,0,0,0,1,0,0,0,0,1,1,1,lbu,useful_other
739,0x00000bb8,0x00000bb4,0x0004c703,0,1,1,0,0,0,0,0,1,1,0,1,0,0,lbu,ifetch_miss
740,0x00000bbc,0x00000bb8,0x00064783,1,0,0,0,0,0,0,0,0,0,0,1,1,1,lbu,pipeline_backpressure
741,0x00000bbc,0x00000bb8,0x00064783,1,1,1,0,0,0,0,0,0,0,1,1,0,1,lbu,useful_other
742,0x00000bc0,0x00000bbc,0x00f71763,1,0,1,1,0,0,0,0,1,1,0,1,1,1,bne,load_use_stall
743,0x00000bc0,0x00000bbc,0x00f71763,1,0,0,1,0,0,0,0,0,0,0,1,0,1,bne,load_use_stall
744,0x00000bc0,0x00000bbc,0x00f71763,1,1,1,0,0,0,0,0,0,0,1,1,0,1,bne,useful_other
745,0x00000bc2,0x00000bc0,0xfff50513,1,1,1,0,0,0,0,0,0,0,0,1,0,1,addi,useful_other
746,0x00000bc4,0x00000bc2,0x00160613,1,1,1,0,0,0,0,0,0,0,0,1,0,1,addi,useful_other
747,0x00000bc6,0x00000bc4,0x00148493,1,1,1,0,0,0,0,0,0,0,0,1,0,1,addi,useful_other
748,0x00000bc8,0x00000bc6,0xfe0517e3,1,1,1,0,0,0,0,0,0,0,0,1,0,1,bne,useful_other
749,0x00000bca,0x00000bc8,0x00d005b3,0,1,1,0,0,0,1,1,0,0,0,1,0,1,add,branch_penalty
750,0x00000bb4,0x00000bc8,0x00d005b3,0,1,1,0,0,0,1,0,0,0,0,1,1,0,add,ifetch_miss
751,0x00000bb4,0x00000bc8,0x00d005b3,0,1,1,0,0,0,1,0,0,0,0,1,0,0,add,ifetch_miss
752,0x00000bb8,0x00000bb4,0x0004c703,1,1,1,0,0,0,1,0,0,0,0,1,1,1,lbu,useful_other
753,0x00000bb8,0x00000bb4,0x0004c703,0,1,1,0,0,0,0,0,1,1,0,1,0,0,lbu,ifetch_miss
754,0x00000bbc,0x00000bb8,0x00064783,1,0,0,0,0,0,0,0,0,0,0,1,1,1,lbu,pipeline_backpressure
755,0x00000bbc,0x00000bb8,0x00064783,1,1,1,0,0,0,0,0,0,0,1,1,0,1,lbu,useful_other
756,0x00000bc0,0x00000bbc,0x00f71763,1,0,1,1,0,0,0,0,1,1,0,1,1,1,bne,load_use_stall
757,0x00000bc0,0x00000bbc,0x00f71763,1,0,0,1,0,0,0,0,0,0,0,1,0,1,bne,load_use_stall
758,0x00000bc0,0x00000bbc,0x00f71763,1,1,1,0,0,0,0,0,0,0,1,1,0,1,bne,useful_other
759,0x00000bc2,0x00000bc0,0xfff50513,1,1,1,0,0,0,0,0,0,0,0,1,0,1,addi,useful_other
760,0x00000bc4,0x00000bc2,0x00160613,1,1,1,0,0,0,0,0,0,0,0,1,0,1,addi,useful_other
761,0x00000bc6,0x00000bc4,0x00148493,1,1,1,0,0,0,0,0,0,0,0,1,0,1,addi,useful_other
762,0x00000bc8,0x00000bc6,0xfe0517e3,1,1,1,0,0,0,0,0,0,0,0,1,0,1,bne,useful_other
763,0x00000bca,0x00000bc8,0x00d005b3,0,1,1,0,0,0,1,1,0,0,0,1,0,1,add,branch_penalty
764,0x00000bb4,0x00000bc8,0x00d005b3,0,1,1,0,0,0,1,0,0,0,0,1,1,0,add,ifetch_miss
765,0x00000bb4,0x00000bc8,0x00d005b3,0,1,1,0,0,0,1,0,0,0,0,1,0,0,add,ifetch_miss
766,0x00000bb8,0x00000bb4,0x0004c703,1,1,1,0,0,0,1,0,0,0,0,1,1,1,lbu,useful_other
767,0x00000bb8,0x00000bb4,0x0004c703,0,1,1,0,0,0,0,0,1,1,0,1,0,0,lbu,ifetch_miss
768,0x00000bbc,0x00000bb8,0x00064783,1,0,0,0,0,0,0,0,0,0,0,1,1,1,lbu,pipeline_backpressure
769,0x00000bbc,0x00000bb8,0x00064783,1,1,1,0,0,0,0,0,0,0,1,1,0,1,lbu,useful_other
770,0x00000bc0,0x00000bbc,0x00f71763,1,0,1,1,0,0,0,0,1,1,0,1,1,1,bne,load_use_stall
771,0x00000bc0,0x00000bbc,0x00f71763,1,0,0,1,0,0,0,0,0,0,0,1,0,1,bne,load_use_stall
772,0x00000bc0,0x00000bbc,0x00f71763,1,1,1,0,0,0,0,0,0,0,1,1,0,1,bne,useful_other
773,0x00000bc2,0x00000bc0,0xfff50513,1,1,1,0,0,0,0,0,0,0,0,1,0,1,addi,useful_other
774,0x00000bc4,0x00000bc2,0x00160613,1,1,1,0,0,0,0,0,0,0,0,1,0,1,addi,useful_other
775,0x00000bc6,0x00000bc4,0x00148493,1,1,1,0,0,0,0,0,0,0,0,1,0,1,addi,useful_other
776,0x00000bc8,0x00000bc6,0xfe0517e3,1,1,1,0,0,0,0,0,0,0,0,1,0,1,bne,useful_other
777,0x00000bca,0x00000bc8,0x00d005b3,0,1,1,0,0,0,1,1,0,0,0,1,0,1,add,branch_penalty
778,0x00000bb4,0x00000bc8,0x00d005b3,0,1,1,0,0,0,1,0,0,0,0,1,1,0,add,ifetch_miss
779,0x00000bb4,0x00000bc8,0x00d005b3,0,1,1,0,0,0,1,0,0,0,0,1,0,0,add,ifetch_miss
780,0x00000bb8,0x00000bb4,0x0004c703,1,1,1,0,0,0,1,0,0,0,0,1,1,1,lbu,useful_other
781,0x00000bb8,0x00000bb4,0x0004c703,0,1,1,0,0,0,0,0,1,1,0,1,0,0,lbu,ifetch_miss
782,0x00000bbc,0x00000bb8,0x00064783,1,0,0,0,0,0,0,0,0,0,0,1,1,1,lbu,pipeline_backpressure
783,0x00000bbc,0x00000bb8,0x00064783,1,1,1,0,0,0,0,0,0,0,1,1,0,1,lbu,useful_other
784,0x00000bc0,0x00000bbc,0x00f71763,1,0,1,1,0,0,0,0,1,1,0,1,1,1,bne,load_use_stall
785,0x00000bc0,0x00000bbc,0x00f71763,1,0,0,1,0,0,0,0,0,0,0,1,0,1,bne,load_use_stall
786,0x00000bc0,0x00000bbc,0x00f71763,1,1,1,0,0,0,0,0,0,0,1,1,0,1,bne,useful_other
787,0x00000bc2,0x00000bc0,0xfff50513,1,1,1,0,0,0,0,0,0,0,0,1,0,1,addi,useful_other
788,0x00000bc4,0x00000bc2,0x00160613,1,1,1,0,0,0,0,0,0,0,0,1,0,1,addi,useful_other
789,0x00000bc6,0x00000bc4,0x00148493,1,1,1,0,0,0,0,0,0,0,0,1,0,1,addi,useful_other
790,0x00000bc8,0x00000bc6,0xfe0517e3,1,1,1,0,0,0,0,0,0,0,0,1,0,1,bne,useful_other
791,0x00000bca,0x00000bc8,0x00d005b3,0,1,1,0,0,0,1,1,0,0,0,1,0,1,add,branch_penalty
792,0x00000bb4,0x00000bc8,0x00d005b3,0,1,1,0,0,0,1,0,0,0,0,1,1,0,add,ifetch_miss
793,0x00000bb4,0x00000bc8,0x00d005b3,0,1,1,0,0,0,1,0,0,0,0,1,0,0,add,ifetch_miss
794,0x00000bb8,0x00000bb4,0x0004c703,1,1,1,0,0,0,1,0,0,0,0,1,1,1,lbu,useful_other
795,0x00000bb8,0x00000bb4,0x0004c703,0,1,1,0,0,0,0,0,1,1,0,1,0,0,lbu,ifetch_miss
796,0x00000bbc,0x00000bb8,0x00064783,1,0,0,0,0,0,0,0,0,0,0,1,1,1,lbu,pipeline_backpressure
797,0x00000bbc,0x00000bb8,0x00064783,1,1,1,0,0,0,0,0,0,0,1,1,0,1,lbu,useful_other
798,0x00000bc0,0x00000bbc,0x00f71763,1,0,1,1,0,0,0,0,1,1,0,1,1,1,bne,load_use_stall
799,0x00000bc0,0x00000bbc,0x00f71763,1,0,0,1,0,0,0,0,0,0,0,1,0,1,bne,load_use_stall
800,0x00000bc0,0x00000bbc,0x00f71763,1,1,1,0,0,0,0,0,0,0,1,1,0,1,bne,useful_other
801,0x00000bc2,0x00000bc0,0xfff50513,1,1,1,0,0,0,0,0,0,0,0,1,0,1,addi,useful_other
802,0x00000bc4,0x00000bc2,0x00160613,1,1,1,0,0,0,0,0,0,0,0,1,0,1,addi,useful_other
803,0x00000bc6,0x00000bc4,0x00148493,1,1,1,0,0,0,0,0,0,0,0,1,0,1,addi,useful_other
804,0x00000bc8,0x00000bc6,0xfe0517e3,1,1,1,0,0,0,0,0,0,0,0,1,0,1,bne,useful_other
805,0x00000bca,0x00000bc8,0x00d005b3,0,1,1,0,0,0,1,1,0,0,0,1,0,1,add,branch_penalty
806,0x00000bb4,0x00000bc8,0x00d005b3,0,1,1,0,0,0,1,0,0,0,0,1,1,0,add,ifetch_miss
807,0x00000bb4,0x00000bc8,0x00d005b3,0,1,1,0,0,0,1,0,0,0,0,1,0,0,add,ifetch_miss
808,0x00000bb8,0x00000bb4,0x0004c703,1,1,1,0,0,0,1,0,0,0,0,1,1,1,lbu,useful_other
809,0x00000bb8,0x00000bb4,0x0004c703,0,1,1,0,0,0,0,0,1,1,0,1,0,0,lbu,ifetch_miss
810,0x00000bbc,0x00000bb8,0x00064783,1,0,0,0,0,0,0,0,0,0,0,1,1,1,lbu,pipeline_backpressure
811,0x00000bbc,0x00000bb8,0x00064783,1,1,1,0,0,0,0,0,0,0,1,1,0,1,lbu,useful_other
812,0x00000bc0,0x00000bbc,0x00f71763,1,0,1,1,0,0,0,0,1,1,0,1,1,1,bne,load_use_stall
813,0x00000bc0,0x00000bbc,0x00f71763,1,0,0,1,0,0,0,0,0,0,0,1,0,1,bne,load_use_stall
814,0x00000bc0,0x00000bbc,0x00f71763,1,1,1,0,0,0,0,0,0,0,1,1,0,1,bne,useful_other
815,0x00000bc2,0x00000bc0,0xfff50513,1,1,1,0,0,0,0,0,0,0,0,1,0,1,addi,useful_other
816,0x00000bc4,0x00000bc2,0x00160613,1,1,1,0,0,0,0,0,0,0,0,1,0,1,addi,useful_other
817,0x00000bc6,0x00000bc4,0x00148493,1,1,1,0,0,0,0,0,0,0,0,1,0,1,addi,useful_other
818,0x00000bc8,0x00000bc6,0xfe0517e3,1,1,1,0,0,0,0,0,0,0,0,1,0,1,bne,useful_other
819,0x00000bca,0x00000bc8,0x00d005b3,0,1,1,0,0,0,1,1,0,0,0,1,0,1,add,branch_penalty
820,0x00000bb4,0x00000bc8,0x00d005b3,0,1,1,0,0,0,1,0,0,0,0,1,1,0,add,ifetch_miss
821,0x00000bb4,0x00000bc8,0x00d005b3,0,1,1,0,0,0,1,0,0,0,0,1,0,0,add,ifetch_miss
822,0x00000bb8,0x00000bb4,0x0004c703,1,1,1,0,0,0,1,0,0,0,0,1,1,1,lbu,useful_other
823,0x00000bb8,0x00000bb4,0x0004c703,0,1,1,0,0,0,0,0,1,1,0,1,0,0,lbu,ifetch_miss
824,0x00000bbc,0x00000bb8,0x00064783,1,0,0,0,0,0,0,0,0,0,0,1,1,1,lbu,pipeline_backpressure
825,0x00000bbc,0x00000bb8,0x00064783,1,1,1,0,0,0,0,0,0,0,1,1,0,1,lbu,useful_other
826,0x00000bc0,0x00000bbc,0x00f71763,1,0,1,1,0,0,0,0,1,1,0,1,1,1,bne,load_use_stall
827,0x00000bc0,0x00000bbc,0x00f71763,1,0,0,1,0,0,0,0,0,0,0,1,0,1,bne,load_use_stall
828,0x00000bc0,0x00000bbc,0x00f71763,1,1,1,0,0,0,0,0,0,0,1,1,0,1,bne,useful_other
829,0x00000bc2,0x00000bc0,0xfff50513,1,1,1,0,0,0,0,0,0,0,0,1,0,1,addi,useful_other
830,0x00000bc4,0x00000bc2,0x00160613,1,1,1,0,0,0,0,0,0,0,0,1,0,1,addi,useful_other
831,0x00000bc6,0x00000bc4,0x00148493,1,1,1,0,0,0,0,0,0,0,0,1,0,1,addi,useful_other
832,0x00000bc8,0x00000bc6,0xfe0517e3,1,1,1,0,0,0,0,0,0,0,0,1,0,1,bne,useful_other
833,0x00000bca,0x00000bc8,0x00d005b3,0,1,1,0,0,0,1,1,0,0,0,1,0,1,add,branch_penalty
834,0x00000bb4,0x00000bc8,0x00d005b3,0,1,1,0,0,0,1,0,0,0,0,1,1,0,add,ifetch_miss
835,0x00000bb4,0x00000bc8,0x00d005b3,0,1,1,0,0,0,1,0,0,0,0,1,0,0,add,ifetch_miss
836,0x00000bb8,0x00000bb4,0x0004c703,1,1,1,0,0,0,1,0,0,0,0,1,1,1,lbu,useful_other
837,0x00000bb8,0x00000bb4,0x0004c703,0,1,1,0,0,0,0,0,1,1,0,1,0,0,lbu,ifetch_miss
838,0x00000bbc,0x00000bb8,0x00064783,1,0,0,0,0,0,0,0,0,0,0,1,1,1,lbu,pipeline_backpressure
839,0x00000bbc,0x00000bb8,0x00064783,1,1,1,0,0,0,0,0,0,0,1,1,0,1,lbu,useful_other
840,0x00000bc0,0x00000bbc,0x00f71763,1,0,1,1,0,0,0,0,1,1,0,1,1,1,bne,load_use_stall
841,0x00000bc0,0x00000bbc,0x00f71763,1,0,0,1,0,0,0,0,0,0,0,1,0,1,bne,load_use_stall
842,0x00000bc0,0x00000bbc,0x00f71763,1,1,1,0,0,0,0,0,0,0,1,1,0,1,bne,useful_other
843,0x00000bc2,0x00000bc0,0xfff50513,1,1,1,0,0,0,0,0,0,0,0,1,0,1,addi,useful_other
844,0x00000bc4,0x00000bc2,0x00160613,1,1,1,0,0,0,0,0,0,0,0,1,0,1,addi,useful_other
845,0x00000bc6,0x00000bc4,0x00148493,1,1,1,0,0,0,0,0,0,0,0,1,0,1,addi,useful_other
846,0x00000bc8,0x00000bc6,0xfe0517e3,1,1,1,0,0,0,0,0,0,0,0,1,0,1,bne,useful_other
847,0x00000bca,0x00000bc8,0x00d005b3,0,1,1,0,0,0,1,1,0,0,0,1,0,1,add,branch_penalty
848,0x00000bb4,0x00000bc8,0x00d005b3,0,1,1,0,0,0,1,0,0,0,0,1,1,0,add,ifetch_miss
849,0x00000bb4,0x00000bc8,0x00d005b3,0,1,1,0,0,0,1,0,0,0,0,1,0,0,add,ifetch_miss
850,0x00000bb8,0x00000bb4,0x0004c703,1,1,1,0,0,0,1,0,0,0,0,1,1,1,lbu,useful_other
851,0x00000bb8,0x00000bb4,0x0004c703,0,1,1,0,0,0,0,0,1,1,0,1,0,0,lbu,ifetch_miss
852,0x00000bbc,0x00000bb8,0x00064783,1,0,0,0,0,0,0,0,0,0,0,1,1,1,lbu,pipeline_backpressure
853,0x00000bbc,0x00000bb8,0x00064783,1,1,1,0,0,0,0,0,0,0,1,1,0,1,lbu,useful_other
854,0x00000bc0,0x00000bbc,0x00f71763,1,0,1,1,0,0,0,0,1,1,0,1,1,1,bne,load_use_stall
855,0x00000bc0,0x00000bbc,0x00f71763,1,0,0,1,0,0,0,0,0,0,0,1,0,1,bne,load_use_stall
856,0x00000bc0,0x00000bbc,0x00f71763,1,1,1,0,0,0,0,0,0,0,1,1,0,1,bne,useful_other
857,0x00000bc2,0x00000bc0,0xfff50513,1,1,1,0,0,0,0,0,0,0,0,1,0,1,addi,useful_other
858,0x00000bc4,0x00000bc2,0x00160613,1,1,1,0,0,0,0,0,0,0,0,1,0,1,addi,useful_other
859,0x00000bc6,0x00000bc4,0x00148493,1,1,1,0,0,0,0,0,0,0,0,1,0,1,addi,useful_other
860,0x00000bc8,0x00000bc6,0xfe0517e3,1,1,1,0,0,0,0,0,0,0,0,1,0,1,bne,useful_other
861,0x00000bca,0x00000bc8,0x00d005b3,0,1,1,0,0,0,1,1,0,0,0,1,0,1,add,branch_penalty
862,0x00000bb4,0x00000bc8,0x00d005b3,0,1,1,0,0,0,1,0,0,0,0,1,1,0,add,ifetch_miss
863,0x00000bb4,0x00000bc8,0x00d005b3,0,1,1,0,0,0,1,0,0,0,0,1,0,0,add,ifetch_miss
864,0x00000bb8,0x00000bb4,0x0004c703,1,1,1,0,0,0,1,0,0,0,0,1,1,1,lbu,useful_other
865,0x00000bb8,0x00000bb4,0x0004c703,0,1,1,0,0,0,0,0,1,1,0,1,0,0,lbu,ifetch_miss
866,0x00000bbc,0x00000bb8,0x00064783,1,0,0,0,0,0,0,0,0,0,0,1,1,1,lbu,pipeline_backpressure
867,0x00000bbc,0x00000bb8,0x00064783,1,1,1,0,0,0,0,0,0,0,1,1,0,1,lbu,useful_other
868,0x00000bc0,0x00000bbc,0x00f71763,1,0,1,1,0,0,0,0,1,1,0,1,1,1,bne,load_use_stall
869,0x00000bc0,0x00000bbc,0x00f71763,1,0,0,1,0,0,0,0,0,0,0,1,0,1,bne,load_use_stall
870,0x00000bc0,0x00000bbc,0x00f71763,1,1,1,0,0,0,0,0,0,0,1,1,0,1,bne,useful_other
871,0x00000bc2,0x00000bc0,0xfff50513,1,1,1,0,0,0,0,0,0,0,0,1,0,1,addi,useful_other
872,0x00000bc4,0x00000bc2,0x00160613,1,1,1,0,0,0,0,0,0,0,0,1,0,1,addi,useful_other
873,0x00000bc6,0x00000bc4,0x00148493,1,1,1,0,0,0,0,0,0,0,0,1,0,1,addi,useful_other
874,0x00000bc8,0x00000bc6,0xfe0517e3,1,1,1,0,0,0,0,0,0,0,0,1,0,1,bne,useful_other
875,0x00000bca,0x00000bc8,0x00d005b3,0,1,1,0,0,0,1,1,0,0,0,1,0,1,add,branch_penalty
876,0x00000bb4,0x00000bc8,0x00d005b3,0,1,1,0,0,0,1,0,0,0,0,1,1,0,add,ifetch_miss
877,0x00000bb4,0x00000bc8,0x00d005b3,0,1,1,0,0,0,1,0,0,0,0,1,0,0,add,ifetch_miss
878,0x00000bb8,0x00000bb4,0x0004c703,1,1,1,0,0,0,1,0,0,0,0,1,1,1,lbu,useful_other
879,0x00000bb8,0x00000bb4,0x0004c703,0,1,1,0,0,0,0,0,1,1,0,1,0,0,lbu,ifetch_miss
880,0x00000bbc,0x00000bb8,0x00064783,1,0,0,0,0,0,0,0,0,0,0,1,1,1,lbu,pipeline_backpressure
881,0x00000bbc,0x00000bb8,0x00064783,1,1,1,0,0,0,0,0,0,0,1,1,0,1,lbu,useful_other
882,0x00000bc0,0x00000bbc,0x00f71763,1,0,1,1,0,0,0,0,1,1,0,1,1,1,bne,load_use_stall
883,0x00000bc0,0x00000bbc,0x00f71763,1,0,0,1,0,0,0,0,0,0,0,1,0,1,bne,load_use_stall
884,0x00000bc0,0x00000bbc,0x00f71763,1,1,1,0,0,0,0,0,0,0,1,1,0,1,bne,useful_other
885,0x00000bc2,0x00000bc0,0xfff50513,1,1,1,0,0,0,0,0,0,0,0,1,0,1,addi,useful_other
886,0x00000bc4,0x00000bc2,0x00160613,1,1,1,0,0,0,0,0,0,0,0,1,0,1,addi,useful_other
887,0x00000bc6,0x00000bc4,0x00148493,1,1,1,0,0,0,0,0,0,0,0,1,0,1,addi,useful_other
888,0x00000bc8,0x00000bc6,0xfe0517e3,1,1,1,0,0,0,0,0,0,0,0,1,0,1,bne,useful_other
889,0x00000bca,0x00000bc8,0x00d005b3,0,1,1,0,0,0,1,1,0,0,0,1,0,1,add,branch_penalty
890,0x00000bb4,0x00000bc8,0x00d005b3,0,1,1,0,0,0,1,0,0,0,0,1,1,0,add,ifetch_miss
891,0x00000bb4,0x00000bc8,0x00d005b3,0,1,1,0,0,0,1,0,0,0,0,1,0,0,add,ifetch_miss
892,0x00000bb8,0x00000bb4,0x0004c703,1,1,1,0,0,0,1,0,0,0,0,1,1,1,lbu,useful_other
893,0x00000bb8,0x00000bb4,0x0004c703,0,1,1,0,0,0,0,0,1,1,0,1,0,0,lbu,ifetch_miss
894,0x00000bbc,0x00000bb8,0x00064783,1,0,0,0,0,0,0,0,0,0,0,1,1,1,lbu,pipeline_backpressure
895,0x00000bbc,0x00000bb8,0x00064783,1,1,1,0,0,0,0,0,0,0,1,1,0,1,lbu,useful_other
896,0x00000bc0,0x00000bbc,0x00f71763,1,0,1,1,0,0,0,0,1,1,0,1,1,1,bne,load_use_stall
897,0x00000bc0,0x00000bbc,0x00f71763,1,0,0,1,0,0,0,0,0,0,0,1,0,1,bne,load_use_stall
898,0x00000bc0,0x00000bbc,0x00f71763,1,1,1,0,0,0,0,0,0,0,1,1,0,1,bne,useful_other
899,0x00000bc2,0x00000bc0,0xfff50513,1,1,1,0,0,0,0,0,0,0,0,1,0,1,addi,useful_other
900,0x00000bc4,0x00000bc2,0x00160613,1,1,1,0,0,0,0,0,0,0,0,1,0,1,addi,useful_other
901,0x00000bc6,0x00000bc4,0x00148493,1,1,1,0,0,0,0,0,0,0,0,1,0,1,addi,useful_other
902,0x00000bc8,0x00000bc6,0xfe0517e3,1,1,1,0,0,0,0,0,0,0,0,1,0,1,bne,useful_other
903,0x00000bca,0x00000bc8,0x00d005b3,0,1,1,0,0,0,1,1,0,0,0,1,0,1,add,branch_penalty
904,0x00000bb4,0x00000bc8,0x00d005b3,0,1,1,0,0,0,1,0,0,0,0,1,1,0,add,ifetch_miss
905,0x00000bb4,0x00000bc8,0x00d005b3,0,1,1,0,0,0,1,0,0,0,0,1,0,0,add,ifetch_miss
906,0x00000bb8,0x00000bb4,0x0004c703,1,1,1,0,0,0,1,0,0,0,0,1,1,1,lbu,useful_other
907,0x00000bb8,0x00000bb4,0x0004c703,0,1,1,0,0,0,0,0,1,1,0,1,0,0,lbu,ifetch_miss
908,0x00000bbc,0x00000bb8,0x00064783,1,0,0,0,0,0,0,0,0,0,0,1,1,1,lbu,pipeline_backpressure
909,0x00000bbc,0x00000bb8,0x00064783,1,1,1,0,0,0,0,0,0,0,1,1,0,1,lbu,useful_other
910,0x00000bc0,0x00000bbc,0x00f71763,1,0,1,1,0,0,0,0,1,1,0,1,1,1,bne,load_use_stall
911,0x00000bc0,0x00000bbc,0x00f71763,1,0,0,1,0,0,0,0,0,0,0,1,0,1,bne,load_use_stall
912,0x00000bc0,0x00000bbc,0x00f71763,1,1,1,0,0,0,0,0,0,0,1,1,0,1,bne,useful_other
913,0x00000bc2,0x00000bc0,0xfff50513,1,1,1,0,0,0,0,0,0,0,0,1,0,1,addi,useful_other
914,0x00000bc4,0x00000bc2,0x00160613,1,1,1,0,0,0,0,0,0,0,0,1,0,1,addi,useful_other
915,0x00000bc6,0x00000bc4,0x00148493,1,1,1,0,0,0,0,0,0,0,0,1,0,1,addi,useful_other
916,0x00000bc8,0x00000bc6,0xfe0517e3,1,1,1,0,0,0,0,0,0,0,0,1,0,1,bne,useful_other
917,0x00000bca,0x00000bc8,0x00d005b3,0,1,1,0,0,0,1,1,0,0,0,1,0,1,add,branch_penalty
918,0x00000bb4,0x00000bc8,0x00d005b3,0,1,1,0,0,0,1,0,0,0,0,1,1,0,add,ifetch_miss
919,0x00000bb4,0x00000bc8,0x00d005b3,0,1,1,0,0,0,1,0,0,0,0,1,0,0,add,ifetch_miss
920,0x00000bb8,0x00000bb4,0x0004c703,1,1,1,0,0,0,1,0,0,0,0,1,1,1,lbu,useful_other
921,0x00000bb8,0x00000bb4,0x0004c703,0,1,1,0,0,0,0,0,1,1,0,1,0,0,lbu,ifetch_miss
922,0x00000bbc,0x00000bb8,0x00064783,1,0,0,0,0,0,0,0,0,0,0,1,1,1,lbu,pipeline_backpressure
923,0x00000bbc,0x00000bb8,0x00064783,1,1,1,0,0,0,0,0,0,0,1,1,0,1,lbu,useful_other
924,0x00000bc0,0x00000bbc,0x00f71763,1,0,1,1,0,0,0,0,1,1,0,1,1,1,bne,load_use_stall
925,0x00000bc0,0x00000bbc,0x00f71763,1,0,0,1,0,0,0,0,0,0,0,1,0,1,bne,load_use_stall
926,0x00000bc0,0x00000bbc,0x00f71763,1,1,1,0,0,0,0,0,0,0,1,1,0,1,bne,useful_other
927,0x00000bc2,0x00000bc0,0xfff50513,1,1,1,0,0,0,0,0,0,0,0,1,0,1,addi,useful_other
928,0x00000bc4,0x00000bc2,0x00160613,1,1,1,0,0,0,0,0,0,0,0,1,0,1,addi,useful_other
929,0x00000bc6,0x00000bc4,0x00148493,1,1,1,0,0,0,0,0,0,0,0,1,0,1,addi,useful_other
930,0x00000bc8,0x00000bc6,0xfe0517e3,1,1,1,0,0,0,0,0,0,0,0,1,0,1,bne,useful_other
931,0x00000bca,0x00000bc8,0x00d005b3,0,1,1,0,0,0,1,1,0,0,0,1,0,1,add,branch_penalty
932,0x00000bb4,0x00000bc8,0x00d005b3,0,1,1,0,0,0,1,0,0,0,0,1,1,0,add,ifetch_miss
933,0x00000bb4,0x00000bc8,0x00d005b3,0,1,1,0,0,0,1,0,0,0,0,1,0,0,add,ifetch_miss
934,0x00000bb8,0x00000bb4,0x0004c703,1,1,1,0,0,0,1,0,0,0,0,1,1,1,lbu,useful_other
935,0x00000bb8,0x00000bb4,0x0004c703,0,1,1,0,0,0,0,0,1,1,0,1,0,0,lbu,ifetch_miss
936,0x00000bbc,0x00000bb8,0x00064783,1,0,0,0,0,0,0,0,0,0,0,1,1,1,lbu,pipeline_backpressure
937,0x00000bbc,0x00000bb8,0x00064783,1,1,1,0,0,0,0,0,0,0,1,1,0,1,lbu,useful_other
938,0x00000bc0,0x00000bbc,0x00f71763,1,0,1,1,0,0,0,0,1,1,0,1,1,1,bne,load_use_stall
939,0x00000bc0,0x00000bbc,0x00f71763,1,0,0,1,0,0,0,0,0,0,0,1,0,1,bne,load_use_stall
940,0x00000bc0,0x00000bbc,0x00f71763,1,1,1,0,0,0,0,0,0,0,1,1,0,1,bne,useful_other
941,0x00000bc2,0x00000bc0,0xfff50513,1,1,1,0,0,0,0,0,0,0,0,1,0,1,addi,useful_other
942,0x00000bc4,0x00000bc2,0x00160613,1,1,1,0,0,0,0,0,0,0,0,1,0,1,addi,useful_other
943,0x00000bc6,0x00000bc4,0x00148493,1,1,1,0,0,0,0,0,0,0,0,1,0,1,addi,useful_other
944,0x00000bc8,0x00000bc6,0xfe0517e3,1,1,1,0,0,0,0,0,0,0,0,1,0,1,bne,useful_other
945,0x00000bca,0x00000bc8,0x00d005b3,1,1,1,0,0,0,0,0,0,0,0,1,0,1,add,useful_other
946,0x00000bcc,0x00000bca,0x00b42223,1,1,1,0,0,0,0,0,0,0,0,1,0,1,sw,useful_other
947,0x00000bd0,0x00000bcc,0xdeadc537,1,1,1,0,0,0,0,0,1,1,0,1,0,1,lui,useful_other
948,0x00000bd4,0x00000bd0,0xeef50513,1,1,1,0,0,0,0,0,0,0,1,1,1,1,addi,useful_other
949,0x00000bd4,0x00000bd0,0xeef50513,0,1,1,0,0,0,0,0,0,0,0,1,0,0,addi,ifetch_miss
950,0x00000bd8,0x00000bd4,0x001025b7,1,1,1,0,0,0,0,0,0,0,0,1,1,1,lui,useful_other
951,0x00000bd8,0x00000bd4,0x001025b7,0,1,1,0,0,0,0,0,0,0,0,1,0,0,lui,ifetch_miss
952,0x00000bda,0x00000bd8,0x00a5a023,1,1,1,0,0,0,0,0,0,0,0,1,1,1,sw,useful_other
953,0x00000bda,0x00000bd8,0x00a5a023,0,1,1,0,0,0,0,0,1,1,0,1,0,0,sw,ifetch_miss
954,0x00000bdc,0x00000bda,0x00000513,1,1,1,0,0,0,0,0,0,0,1,1,0,1,addi,useful_other
955,0x00000bde,0x00000bdc,0x01c12083,1,1,1,0,0,0,1,0,0,0,0,1,0,1,lw,useful_other
956,0x00000be0,0x00000bde,0x01812403,1,1,1,0,0,0,0,0,1,1,0,1,0,1,lw,useful_other
957,0x00000be2,0x00000be0,0x01412483,1,0,0,0,0,0,0,0,1,0,0,1,0,1,lw,mem_stall
958,0x00000be2,0x00000be0,0x01412483,1,1,1,0,0,0,0,0,1,1,1,1,0,1,lw,useful_other
959,0x00000be4,0x00000be2,0x02010113,1,0,0,0,0,0,0,0,1,0,0,1,0,1,addi,mem_stall
960,0x00000be4,0x00000be2,0x02010113,1,1,1,0,0,0,0,0,1,1,1,0,0,1,addi,useful_other
961,0x00000be6,0x00000be4,0x00008067,1,0,0,0,0,0,0,1,0,0,0,1,0,1,jalr,jump_redirect
962,0x000000e8,0x00000be4,0x00008067,1,1,1,0,0,0,0,0,0,0,1,1,1,1,jalr,useful_other
963,0x000000e8,0x00000be4,0x00008067,0,1,1,0,0,0,0,0,0,0,0,1,0,0,jalr,ifetch_miss
964,0x000000ea,0x000000e8,0x00a00433,1,1,1,0,0,0,0,0,0,0,0,1,1,1,add,useful_other
965,0x000000ea,0x000000e8,0x00a00433,0,1,1,0,0,0,1,0,0,0,0,1,0,0,add,ifetch_miss
966,0x000000ec,0x000000ea,0x00800533,1,1,1,0,0,0,1,0,0,0,0,1,0,1,add,useful_other
967,0x000000f0,0x000000ec,0x214000ef,1,1,1,0,0,0,1,1,0,0,0,1,0,1,jal,branch_penalty
968,0x00000300,0x000000ec,0x214000ef,0,1,1,0,0,0,0,0,0,0,0,1,1,0,jal,ifetch_miss
969,0x00000300,0x000000ec,0x214000ef,0,1,1,0,0,0,0,0,0,0,0,1,0,0,jal,ifetch_miss
970,0x00000302,0x00000300,0x0000006f,1,1,1,0,0,0,0,1,0,0,0,1,0,1,jal,jump_redirect
971,0x00000300,0x00000300,0x0000006f,0,1,1,0,0,0,0,0,0,0,0,1,1,0,jal,ifetch_miss
972,0x00000300,0x00000300,0x0000006f,0,1,1,0,0,0,0,0,0,0,0,1,1,0,jal,ifetch_miss
973,0x00000300,0x00000300,0x0000006f,0,1,1,0,0,0,0,0,0,0,0,1,0,0,jal,ifetch_miss
974,0x00000302,0x00000300,0x0000006f,1,1,1,0,0,0,0,1,0,0,0,1,0,1,jal,jump_redirect
975,0x00000300,0x00000300,0x0000006f,0,1,1,0,0,0,0,0,0,0,0,1,1,0,jal,ifetch_miss
976,0x00000300,0x00000300,0x0000006f,0,1,1,0,0,0,0,0,0,0,0,1,1,0,jal,ifetch_miss
977,0x00000300,0x00000300,0x0000006f,0,1,1,0,0,0,0,0,0,0,0,1,0,0,jal,ifetch_miss
978,0x00000302,0x00000300,0x0000006f,1,1,1,0,0,0,0,1,0,0,0,1,0,1,jal,jump_redirect
979,0x00000300,0x00000300,0x0000006f,0,1,1,0,0,0,0,0,0,0,0,1,1,0,jal,ifetch_miss
980,0x00000300,0x00000300,0x0000006f,0,1,1,0,0,0,0,0,0,0,0,1,1,0,jal,ifetch_miss
981,0x00000300,0x00000300,0x0000006f,0,1,1,0,0,0,0,0,0,0,0,1,0,0,jal,ifetch_miss
982,0x00000302,0x00000300,0x0000006f,1,1,1,0,0,0,0,1,0,0,0,1,0,1,jal,jump_redirect
983,0x00000300,0x00000300,0x0000006f,0,1,1,0,0,0,0,0,0,0,0,1,1,0,jal,ifetch_miss
984,0x00000300,0x00000300,0x0000006f,0,1,1,0,0,0,0,0,0,0,0,1,1,0,jal,ifetch_miss
985,0x00000300,0x00000300,0x0000006f,0,1,1,0,0,0,0,0,0,0,0,1,0,0,jal,ifetch_miss
986,0x00000302,0x00000300,0x0000006f,1,1,1,0,0,0,0,1,0,0,0,1,0,1,jal,jump_redirect
987,0x00000300,0x00000300,0x0000006f,0,1,1,0,0,0,0,0,0,0,0,1,1,0,jal,ifetch_miss
988,0x00000300,0x00000300,0x0000006f,0,1,1,0,0,0,0,0,0,0,0,1,1,0,jal,ifetch_miss
989,0x00000300,0x00000300,0x0000006f,0,1,1,0,0,0,0,0,0,0,0,1,0,0,jal,ifetch_miss
990,0x00000302,0x00000300,0x0000006f,1,1,1,0,0,0,0,1,0,0,0,1,0,1,jal,jump_redirect
991,0x00000300,0x00000300,0x0000006f,0,1,1,0,0,0,0,0,0,0,0,1,1,0,jal,ifetch_miss
992,0x00000300,0x00000300,0x0000006f,0,1,1,0,0,0,0,0,0,0,0,1,1,0,jal,ifetch_miss
993,0x00000300,0x00000300,0x0000006f,0,1,1,0,0,0,0,0,0,0,0,1,0,0,jal,ifetch_miss
994,0x00000302,0x00000300,0x0000006f,1,1,1,0,0,0,0,1,0,0,0,1,0,1,jal,jump_redirect
995,0x00000300,0x00000300,0x0000006f,0,1,1,0,0,0,0,0,0,0,0,1,1,0,jal,ifetch_miss
996,0x00000300,0x00000300,0x0000006f,0,1,1,0,0,0,0,0,0,0,0,1,1,0,jal,ifetch_miss
997,0x00000300,0x00000300,0x0000006f,0,1,1,0,0,0,0,0,0,0,0,1,0,0,jal,ifetch_miss
998,0x00000302,0x00000300,0x0000006f,1,1,1,0,0,0,0,1,0,0,0,1,0,1,jal,jump_redirect
999,0x00000300,0x00000300,0x0000006f,0,1,1,0,0,0,0,0,0,0,0,1,1,0,jal,ifetch_miss
1000,0x00000300,0x00000300,0x0000006f,0,1,1,0,0,0,0,0,0,0,0,1,1,0,jal,ifetch_miss
1001,0x00000300,0x00000300,0x0000006f,0,1,1,0,0,0,0,0,0,0,0,1,0,0,jal,ifetch_miss
1002,0x00000302,0x00000300,0x0000006f,1,1,1,0,0,0,0,1,0,0,0,1,0,1,jal,jump_redirect
1003,0x00000300,0x00000300,0x0000006f,0,1,1,0,0,0,0,0,0,0,0,1,1,0,jal,ifetch_miss
1004,0x00000300,0x00000300,0x0000006f,0,1,1,0,0,0,0,0,0,0,0,1,1,0,jal,ifetch_miss
1005,0x00000300,0x00000300,0x0000006f,0,1,1,0,0,0,0,0,0,0,0,1,0,0,jal,ifetch_miss
1006,0x00000302,0x00000300,0x0000006f,1,1,1,0,0,0,0,1,0,0,0,1,0,1,jal,jump_redirect
1007,0x00000300,0x00000300,0x0000006f,0,1,1,0,0,0,0,0,0,0,0,1,1,0,jal,ifetch_miss
1008,0x00000300,0x00000300,0x0000006f,0,1,1,0,0,0,0,0,0,0,0,1,1,0,jal,ifetch_miss
1009,0x00000300,0x00000300,0x0000006f,0,1,1,0,0,0,0,0,0,0,0,1,0,0,jal,ifetch_miss
1010,0x00000302,0x00000300,0x0000006f,1,1,1,0,0,0,0,1,0,0,0,1,0,1,jal,jump_redirect
1011,0x00000300,0x00000300,0x0000006f,0,1,1,0,0,0,0,0,0,0,0,1,1,0,jal,ifetch_miss
1012,0x00000300,0x00000300,0x0000006f,0,1,1,0,0,0,0,0,0,0,0,1,1,0,jal,ifetch_miss
1013,0x00000300,0x00000300,0x0000006f,0,1,1,0,0,0,0,0,0,0,0,1,0,0,jal,ifetch_miss
1014,0x00000302,0x00000300,0x0000006f,1,1,1,0,0,0,0,1,0,0,0,1,0,1,jal,jump_redirect
1015,0x00000300,0x00000300,0x0000006f,0,1,1,0,0,0,0,0,0,0,0,1,1,0,jal,ifetch_miss
1016,0x00000300,0x00000300,0x0000006f,0,1,1,0,0,0,0,0,0,0,0,1,1,0,jal,ifetch_miss
1017,0x00000300,0x00000300,0x0000006f,0,1,1,0,0,0,0,0,0,0,0,1,0,0,jal,ifetch_miss
1018,0x00000302,0x00000300,0x0000006f,1,1,1,0,0,0,0,1,0,0,0,1,0,1,jal,jump_redirect
1019,0x00000300,0x00000300,0x0000006f,0,1,1,0,0,0,0,0,0,0,0,1,1,0,jal,ifetch_miss
1020,0x00000300,0x00000300,0x0000006f,0,1,1,0,0,0,0,0,0,0,0,1,1,0,jal,ifetch_miss
1021,0x00000300,0x00000300,0x0000006f,0,1,1,0,0,0,0,0,0,0,0,1,0,0,jal,ifetch_miss
